achievement_id,student_id,group_id,achievement_type,points_earned,timestamp,difficulty_level,team_bonus,engagement_increase,time_to_earn_hours,shared_with_team
GAM0001,STU027,GRP009,Debugging Hero,98,2025-08-24 06:04:15.558869,Platinum,False,14.836119101273216,15.596725632057058,True
GAM0002,STU025,GRP016,Documentation Champion,86,2025-08-24 06:04:15.558902,Platinum,True,11.171612753853456,19.630173405510934,True
GAM0003,STU058,GRP005,Team Player,19,2025-08-10 21:04:15.558910,Bronze,True,17.307976133951637,0.06611487591271839,True
GAM0004,STU063,GRP003,Model Master,78,2025-08-17 12:04:15.558917,Silver,False,8.173505471569216,28.08430150805959,False
GAM0005,STU051,GRP010,Documentation Champion,46,2025-08-06 05:04:15.558923,Gold,True,10.577290611007818,15.649367597824435,False
GAM0006,STU051,GRP007,Code Collaborator,81,2025-08-06 10:04:15.558929,Platinum,True,10.776240584844603,5.646094727209472,True
GAM0007,STU005,GRP016,Presentation Pro,23,2025-08-22 02:04:15.558935,Silver,True,4.458231308703793,62.19415038967208,False
GAM0008,STU024,GRP003,Code Collaborator,40,2025-08-15 04:04:15.558943,Gold,False,21.52792947763433,8.649700909897579,False
GAM0009,STU057,GRP020,Data Detective,94,2025-08-04 13:04:15.558952,Silver,True,12.909869071522794,81.65103160364373,False
GAM0010,STU006,GRP019,Data Detective,29,2025-08-17 05:04:15.558958,Gold,True,14.618655850926052,120.55727796906513,True
GAM0011,STU026,GRP002,Debugging Hero,58,2025-08-21 05:04:15.558964,Gold,True,5.57256821454863,51.106208341851314,True
GAM0012,STU025,GRP011,Presentation Pro,13,2025-08-05 21:04:15.558970,Platinum,True,13.031058213634207,29.005187209523505,False
GAM0013,STU078,GRP017,Documentation Champion,81,2025-08-21 01:04:15.558975,Silver,False,12.076386849248365,5.617887414324301,True
GAM0014,STU009,GRP014,Data Detective,89,2025-08-09 03:04:15.558981,Silver,False,5.174499335193927,10.118769288269993,True
GAM0015,STU019,GRP004,Team Player,10,2025-08-16 08:04:15.558987,Bronze,True,8.106784433228892,34.29647992997809,False
GAM0016,STU073,GRP004,Team Player,90,2025-08-23 17:04:15.558992,Bronze,True,10.026568123765948,50.38137109861236,True
GAM0017,STU061,GRP019,Debugging Hero,46,2025-08-09 20:04:15.558998,Platinum,False,12.360001131909295,8.450602658803092,False
GAM0018,STU031,GRP016,Documentation Champion,54,2025-08-03 14:04:15.559005,Platinum,False,12.703912356022458,6.095827629214744,False
GAM0019,STU020,GRP015,Innovation Leader,38,2025-08-21 10:04:15.559011,Gold,True,5.973423510984985,7.2159987696176255,False
GAM0020,STU050,GRP009,Model Master,57,2025-08-08 17:04:15.559017,Bronze,False,10.14636666200598,83.72810525646183,False
GAM0021,STU019,GRP002,Presentation Pro,62,2025-08-09 08:04:15.559022,Silver,False,12.447907064323001,60.2227040704596,True
GAM0022,STU046,GRP007,Debugging Hero,63,2025-08-05 15:04:15.559028,Platinum,False,13.225150602585586,15.061994318850674,False
GAM0023,STU057,GRP013,Presentation Pro,56,2025-08-17 07:04:15.559033,Gold,False,2.528242938265498,51.33036308299226,True
GAM0024,STU068,GRP007,Team Player,37,2025-08-09 07:04:15.559039,Silver,True,7.518407552396771,14.210646148910627,False
GAM0025,STU080,GRP012,Presentation Pro,80,2025-08-06 02:04:15.559045,Platinum,False,15.809281609323275,13.447355612706804,True
GAM0026,STU028,GRP013,Model Master,70,2025-08-22 04:04:15.559050,Platinum,False,20.51662344963971,19.88767683887978,False
GAM0027,STU080,GRP014,Data Detective,35,2025-08-19 20:04:15.559056,Gold,True,12.58522389816085,1.7274512064144139,True
GAM0028,STU067,GRP014,Model Master,66,2025-08-23 23:04:15.559061,Silver,False,11.27372218322755,9.432574458613022,True
GAM0029,STU023,GRP009,Model Master,92,2025-08-15 22:04:15.559067,Silver,True,12.143101941183142,64.62142663048863,True
GAM0030,STU060,GRP008,Model Master,72,2025-08-17 18:04:15.559073,Bronze,True,13.418763944157428,6.908656750480528,False
GAM0031,STU011,GRP001,Data Detective,16,2025-08-17 10:04:15.559079,Bronze,False,11.367902079654876,9.064741915568245,False
GAM0032,STU046,GRP007,Model Master,37,2025-08-17 22:04:15.559084,Bronze,False,17.2763047654731,16.702237812284643,True
GAM0033,STU041,GRP019,Presentation Pro,70,2025-08-17 06:04:15.559090,Silver,False,14.589630106399078,51.313236848959676,True
GAM0034,STU072,GRP006,Model Master,30,2025-08-15 15:04:15.559095,Bronze,False,12.90268386385275,12.294367009645462,True
GAM0035,STU071,GRP016,Documentation Champion,98,2025-08-06 09:04:15.559101,Silver,True,11.286542411146076,42.91938644240284,True
GAM0036,STU019,GRP015,Code Collaborator,15,2025-08-21 14:04:15.559106,Platinum,False,8.063874330998214,60.038791693400626,True
GAM0037,STU022,GRP001,Innovation Leader,66,2025-08-12 00:04:15.559112,Silver,False,14.08510948886485,6.761353201528073,False
GAM0038,STU063,GRP019,Innovation Leader,53,2025-08-22 16:04:15.559117,Gold,True,14.844503040434581,2.685785797610865,True
GAM0039,STU080,GRP010,Debugging Hero,29,2025-08-22 03:04:15.559123,Silver,False,9.683503831457806,6.0257977923818355,True
GAM0040,STU011,GRP012,Presentation Pro,12,2025-08-11 05:04:15.559129,Platinum,True,17.14716400981204,3.829518528935882,True
GAM0041,STU033,GRP007,Documentation Champion,76,2025-08-05 05:04:15.559134,Bronze,False,12.057278031188918,19.040144974808985,True
GAM0042,STU022,GRP002,Team Player,99,2025-08-17 23:04:15.559140,Gold,False,14.923178361254793,65.81056822432247,False
GAM0043,STU044,GRP002,Documentation Champion,94,2025-08-14 17:04:15.559145,Bronze,False,13.712429573806538,36.85065204892646,True
GAM0044,STU017,GRP020,Data Detective,83,2025-08-24 02:04:15.559151,Gold,False,8.659046539499801,2.8537821886554524,True
GAM0045,STU061,GRP013,Debugging Hero,14,2025-08-09 16:04:15.559156,Gold,False,19.691973819313965,29.6872448090859,True
GAM0046,STU066,GRP014,Debugging Hero,100,2025-08-17 04:04:15.559161,Silver,False,11.988590917307404,22.886268670633875,False
GAM0047,STU071,GRP007,Presentation Pro,46,2025-08-18 19:04:15.559166,Bronze,False,10.525708362773447,28.08318166067501,False
GAM0048,STU011,GRP011,Code Collaborator,12,2025-08-07 04:04:15.559172,Silver,True,13.816140383502523,6.066690836925291,True
GAM0049,STU023,GRP012,Code Collaborator,29,2025-08-12 07:04:15.559177,Silver,True,18.867383722208785,68.41867074240486,False
GAM0050,STU002,GRP001,Innovation Leader,89,2025-08-22 23:04:15.559183,Silver,False,7.8470770780323145,9.337986782451056,True
GAM0051,STU043,GRP004,Code Collaborator,17,2025-08-09 11:04:15.559189,Silver,True,15.103590195965861,61.202869976605896,False
GAM0052,STU011,GRP006,Code Collaborator,21,2025-08-24 10:04:15.559195,Platinum,True,11.096050601954843,0.937445685633428,True
GAM0053,STU011,GRP013,Innovation Leader,90,2025-08-13 04:04:15.559200,Silver,False,15.692713222491673,1.1931078487335223,False
GAM0054,STU064,GRP020,Model Master,70,2025-08-18 08:04:15.559206,Bronze,False,15.399554584883566,21.06091203859618,True
GAM0055,STU001,GRP003,Model Master,35,2025-08-18 21:04:15.559212,Silver,True,6.310959271159324,24.111636690445078,True
GAM0056,STU010,GRP007,Model Master,51,2025-08-08 08:04:15.559217,Silver,True,10.873845559370476,4.038071566620738,True
GAM0057,STU076,GRP010,Debugging Hero,74,2025-08-10 20:04:15.559222,Gold,True,8.83500188092973,1.8793822386909977,True
GAM0058,STU045,GRP008,Data Detective,93,2025-08-05 12:04:15.559228,Gold,False,16.441783776757195,33.52455780407777,False
GAM0059,STU009,GRP002,Code Collaborator,73,2025-08-17 03:04:15.559233,Bronze,False,13.98560398791478,40.76367646123069,True
GAM0060,STU058,GRP001,Code Collaborator,50,2025-08-11 22:04:15.559238,Gold,True,16.85818976801984,7.611609488786486,True
GAM0061,STU041,GRP015,Innovation Leader,71,2025-08-16 14:04:15.559244,Platinum,False,15.423745834800298,119.11185192060334,False
GAM0062,STU041,GRP018,Team Player,39,2025-08-11 23:04:15.559249,Silver,True,9.864491137305897,8.183349936833032,True
GAM0063,STU053,GRP015,Presentation Pro,51,2025-08-04 19:04:15.559255,Platinum,False,9.630164496866305,88.85438058757482,False
GAM0064,STU060,GRP015,Model Master,28,2025-08-08 18:04:15.559261,Platinum,False,13.423804859377306,84.65927743417524,False
GAM0065,STU018,GRP011,Debugging Hero,90,2025-08-21 07:04:15.559266,Platinum,False,21.15898553789334,28.547701599259305,True
GAM0066,STU023,GRP005,Model Master,37,2025-08-22 11:04:15.559272,Bronze,False,11.400855131519592,9.747060380546179,True
GAM0067,STU035,GRP011,Team Player,12,2025-08-13 21:04:15.559278,Platinum,True,13.45248806474179,46.29897569136994,True
GAM0068,STU071,GRP009,Team Player,34,2025-08-14 02:04:15.559283,Platinum,False,15.189936460528667,9.856027242406324,True
GAM0069,STU021,GRP016,Data Detective,55,2025-08-03 23:04:15.559288,Bronze,True,12.05591449447874,30.207272341319733,False
GAM0070,STU062,GRP020,Documentation Champion,28,2025-08-19 11:04:15.559293,Platinum,True,21.255549093704122,16.8463350870433,True
GAM0071,STU002,GRP010,Model Master,53,2025-08-11 01:04:15.559299,Gold,False,10.750034608641464,81.95417822523447,True
GAM0072,STU077,GRP005,Documentation Champion,53,2025-08-09 00:04:15.559304,Gold,True,7.685392030195664,57.7046947161536,True
GAM0073,STU061,GRP003,Data Detective,67,2025-08-16 14:04:15.559309,Platinum,True,15.333022530395013,8.356371945810682,True
GAM0074,STU042,GRP008,Innovation Leader,91,2025-08-04 23:04:15.559315,Platinum,False,8.779472046456318,55.25400832775159,True
GAM0075,STU074,GRP011,Team Player,26,2025-08-03 21:04:15.559320,Gold,True,10.960733864428386,8.08870138149656,False
GAM0076,STU079,GRP008,Team Player,72,2025-08-12 11:04:15.559325,Platinum,True,13.231375331668758,39.29906965231903,True
GAM0077,STU013,GRP013,Model Master,89,2025-08-17 15:04:15.559331,Bronze,False,11.293625224810507,3.64987769423819,True
GAM0078,STU035,GRP003,Presentation Pro,59,2025-08-07 21:04:15.559337,Silver,False,12.790861498631678,1.9623522193202128,False
GAM0079,STU047,GRP002,Presentation Pro,41,2025-08-19 17:04:15.559343,Bronze,False,12.515693250199911,41.86076646353355,True
GAM0080,STU080,GRP016,Model Master,44,2025-08-04 02:04:15.559348,Gold,False,19.877361347278374,16.294968399922332,False
GAM0081,STU078,GRP018,Team Player,92,2025-08-20 11:04:15.559353,Bronze,False,14.20774535953229,28.720234496480963,False
GAM0082,STU025,GRP017,Documentation Champion,41,2025-08-07 15:04:15.559359,Platinum,False,11.806346963151732,3.9277166510104804,False
GAM0083,STU002,GRP010,Documentation Champion,36,2025-08-21 10:04:15.559364,Gold,True,9.97831985978023,41.636527824869326,True
GAM0084,STU054,GRP003,Innovation Leader,69,2025-08-07 22:04:15.559369,Silver,False,10.127369300609688,13.438311226851217,True
GAM0085,STU072,GRP006,Presentation Pro,50,2025-08-22 04:04:15.559375,Gold,False,4.39879666233053,35.534728344019115,True
GAM0086,STU078,GRP015,Documentation Champion,30,2025-08-11 23:04:15.559380,Silver,False,17.899885726324605,1.8324040009152458,False
GAM0087,STU016,GRP002,Innovation Leader,80,2025-08-14 07:04:15.559385,Gold,True,11.615009816219859,5.104579960988799,True
GAM0088,STU049,GRP018,Data Detective,90,2025-08-15 05:04:15.559390,Gold,False,14.578339572285262,1.8647949216535236,True
GAM0089,STU079,GRP002,Documentation Champion,51,2025-08-12 10:04:15.559396,Bronze,True,12.297195851098857,1.0569573975680864,False
GAM0090,STU017,GRP016,Code Collaborator,18,2025-08-21 12:04:15.559401,Silver,True,13.658802055935782,12.219565406639328,True
GAM0091,STU031,GRP003,Innovation Leader,55,2025-08-17 06:04:15.559407,Bronze,False,7.963855345326011,41.907138023567775,True
GAM0092,STU009,GRP016,Debugging Hero,79,2025-08-23 04:04:15.559412,Platinum,False,15.70270654244305,27.737544327967,True
GAM0093,STU071,GRP003,Team Player,67,2025-08-21 02:04:15.559417,Bronze,False,6.157318469928037,3.1829108571174523,True
GAM0094,STU008,GRP018,Data Detective,16,2025-08-10 18:04:15.559423,Silver,False,11.34546801740026,29.972670253629428,True
GAM0095,STU029,GRP008,Model Master,27,2025-08-13 19:04:15.559428,Gold,False,13.827453025473847,17.826573704111507,True
GAM0096,STU051,GRP001,Documentation Champion,73,2025-08-23 23:04:15.559434,Platinum,True,14.161379658145668,40.921375082215576,True
GAM0097,STU076,GRP002,Team Player,39,2025-08-12 01:04:15.559439,Platinum,True,10.269278005989502,12.103201237494282,True
GAM0098,STU011,GRP019,Innovation Leader,75,2025-08-05 07:04:15.559444,Silver,False,5.886633671348476,28.096907497346123,True
GAM0099,STU069,GRP001,Documentation Champion,44,2025-08-12 15:04:15.559450,Gold,False,14.236779962834667,8.871702206443132,True
GAM0100,STU026,GRP020,Documentation Champion,52,2025-08-20 07:04:15.559455,Gold,False,10.271068590670499,0.3579380874951288,True
GAM0101,STU037,GRP015,Data Detective,67,2025-08-11 15:04:15.559460,Platinum,True,14.104944007408,7.504057257282964,True
GAM0102,STU006,GRP013,Code Collaborator,36,2025-08-20 05:04:15.559466,Gold,True,12.148773114482678,5.4668019219915305,False
GAM0103,STU039,GRP012,Presentation Pro,16,2025-08-10 16:04:15.559471,Silver,False,6.453216902929753,34.571918429023924,True
GAM0104,STU004,GRP010,Data Detective,37,2025-08-06 19:04:15.559476,Silver,False,15.207401929002875,20.73279646495743,True
GAM0105,STU050,GRP011,Presentation Pro,60,2025-08-11 15:04:15.559482,Silver,False,7.9920007272962605,102.880944396375,True
GAM0106,STU077,GRP010,Team Player,19,2025-08-11 08:04:15.559487,Bronze,True,9.589664747277169,33.58771015624252,False
GAM0107,STU080,GRP002,Data Detective,45,2025-08-04 15:04:15.559492,Bronze,False,17.519000255510733,75.3369081596003,True
GAM0108,STU073,GRP006,Code Collaborator,16,2025-08-16 15:04:15.559497,Silver,True,12.134168375299211,5.901560883310612,False
GAM0109,STU048,GRP003,Documentation Champion,63,2025-08-10 13:04:15.559503,Bronze,False,10.313380931225785,19.58797458475374,False
GAM0110,STU016,GRP010,Model Master,43,2025-08-14 18:04:15.559508,Silver,True,21.806794703604357,19.21555812960404,False
GAM0111,STU004,GRP016,Model Master,11,2025-08-22 02:04:15.559514,Bronze,True,7.657217072013432,77.31732938195799,True
GAM0112,STU075,GRP018,Documentation Champion,44,2025-08-24 00:04:15.559520,Platinum,True,16.72171342899174,9.249557558699465,False
GAM0113,STU020,GRP007,Code Collaborator,60,2025-08-10 00:04:15.559525,Platinum,True,12.71168404031663,13.834382560552866,True
GAM0114,STU056,GRP015,Debugging Hero,32,2025-08-03 17:04:15.559530,Bronze,True,4.879587051508328,11.464741685056358,True
GAM0115,STU036,GRP010,Presentation Pro,35,2025-08-07 09:04:15.559536,Gold,True,11.047921519532172,21.90192774314378,True
GAM0116,STU025,GRP008,Presentation Pro,10,2025-08-10 15:04:15.559541,Bronze,False,19.397475166266652,10.406007057107537,True
GAM0117,STU063,GRP008,Data Detective,46,2025-08-16 17:04:15.559547,Bronze,False,16.347751600130795,9.109224950012944,True
GAM0118,STU061,GRP018,Model Master,57,2025-08-10 10:04:15.559552,Gold,True,8.062288317889776,7.001575720597403,True
GAM0119,STU045,GRP014,Model Master,84,2025-08-15 22:04:15.559558,Gold,False,13.197148591766156,1.0329803283154915,False
GAM0120,STU038,GRP005,Presentation Pro,96,2025-08-12 22:04:15.559563,Platinum,False,11.775132751486112,0.4733399138304568,False
GAM0121,STU012,GRP020,Documentation Champion,27,2025-08-17 09:04:15.559568,Gold,False,11.625488856125564,6.757956197808383,True
GAM0122,STU070,GRP006,Data Detective,53,2025-08-13 16:04:15.559574,Silver,False,9.98147204326564,13.77619314156889,True
GAM0123,STU021,GRP019,Model Master,36,2025-08-06 21:04:15.559579,Platinum,True,12.712757088087265,58.63436081095321,False
GAM0124,STU015,GRP017,Data Detective,76,2025-08-22 06:04:15.559585,Bronze,False,9.34930379226196,62.10424589452628,False
GAM0125,STU022,GRP008,Innovation Leader,72,2025-08-22 00:04:15.559591,Gold,False,15.968429684606043,9.598802134643659,True
GAM0126,STU051,GRP017,Debugging Hero,38,2025-08-12 04:04:15.559596,Gold,False,11.600409682934064,26.345813756342146,True
GAM0127,STU014,GRP008,Presentation Pro,29,2025-08-06 16:04:15.559601,Silver,True,16.34016727189224,26.69738434530429,False
GAM0128,STU065,GRP004,Presentation Pro,28,2025-08-04 23:04:15.559607,Bronze,False,9.792495795256812,15.218099027033341,True
GAM0129,STU052,GRP010,Team Player,79,2025-08-10 21:04:15.559612,Bronze,True,9.751529631696242,58.21390826145081,True
GAM0130,STU004,GRP010,Code Collaborator,36,2025-08-20 12:04:15.559618,Bronze,True,11.863189634275074,24.37823613580619,True
GAM0131,STU016,GRP014,Innovation Leader,94,2025-08-15 21:04:15.559624,Bronze,False,9.220348889775538,27.858798463359854,True
GAM0132,STU048,GRP007,Documentation Champion,64,2025-08-11 06:04:15.559630,Platinum,True,11.524075234200197,21.040293468104583,True
GAM0133,STU005,GRP016,Innovation Leader,54,2025-08-23 20:04:15.559635,Gold,False,9.41842762164756,1.639862330099589,False
GAM0134,STU050,GRP018,Code Collaborator,64,2025-08-09 19:04:15.559640,Gold,False,13.547079612123175,17.69731012572121,False
GAM0135,STU049,GRP002,Presentation Pro,21,2025-08-14 08:04:15.559646,Gold,True,8.550313121058213,4.236785709738475,True
GAM0136,STU013,GRP015,Debugging Hero,53,2025-08-19 08:04:15.559651,Platinum,True,15.458651071442663,0.37704836576104184,True
GAM0137,STU071,GRP015,Team Player,88,2025-08-15 17:04:15.559657,Bronze,True,12.2953303191911,24.695860282656803,True
GAM0138,STU076,GRP001,Presentation Pro,18,2025-08-13 18:04:15.559662,Silver,False,11.002528646607646,38.90945106860344,True
GAM0139,STU073,GRP013,Data Detective,42,2025-08-12 00:04:15.559667,Bronze,False,7.479998495630174,7.9436880792971465,True
GAM0140,STU058,GRP010,Model Master,15,2025-08-18 07:04:15.559672,Gold,False,6.987167835032515,6.408152444598377,True
GAM0141,STU020,GRP003,Team Player,71,2025-08-14 03:04:15.559678,Silver,True,19.09089240702354,17.32932599992088,True
GAM0142,STU023,GRP013,Data Detective,48,2025-08-20 14:04:15.559683,Silver,False,14.012949615508887,44.98036712522255,False
GAM0143,STU075,GRP016,Team Player,66,2025-08-07 06:04:15.559688,Bronze,True,13.800886532890996,9.919984689577083,True
GAM0144,STU017,GRP020,Data Detective,66,2025-08-13 21:04:15.559694,Gold,False,9.520589486571243,32.18483080238808,True
GAM0145,STU068,GRP012,Code Collaborator,63,2025-08-14 09:04:15.559699,Bronze,False,14.527948532695776,71.13436405463702,True
GAM0146,STU055,GRP003,Code Collaborator,21,2025-08-18 21:04:15.559704,Gold,False,11.860879720524231,25.043369132078503,True
GAM0147,STU032,GRP005,Code Collaborator,13,2025-08-21 01:04:15.559710,Bronze,True,10.865651359122467,29.03783105749148,True
GAM0148,STU058,GRP018,Innovation Leader,81,2025-08-18 21:04:15.559715,Platinum,True,7.5701568786009155,0.49766459334770086,False
GAM0149,STU024,GRP019,Debugging Hero,24,2025-08-12 13:04:15.559720,Bronze,True,13.521207209779314,36.69782815554804,True
GAM0150,STU039,GRP005,Debugging Hero,11,2025-08-16 13:04:15.559726,Bronze,True,19.573809291298076,27.868596239602688,True
GAM0151,STU035,GRP019,Data Detective,48,2025-08-05 17:04:15.559731,Silver,False,17.47553834123973,12.001767720225757,False
GAM0152,STU062,GRP007,Team Player,94,2025-08-14 08:04:15.559736,Platinum,False,15.720148788893123,63.302867935773634,True
GAM0153,STU023,GRP013,Code Collaborator,28,2025-08-10 06:04:15.559741,Silver,True,7.8057101270070035,27.822623210137614,False
GAM0154,STU009,GRP016,Code Collaborator,82,2025-08-20 23:04:15.559747,Silver,False,7.692273014972244,18.38394991895529,False
GAM0155,STU047,GRP008,Documentation Champion,62,2025-08-23 05:04:15.559752,Platinum,True,14.82437653628752,19.84153892402376,False
GAM0156,STU051,GRP001,Team Player,95,2025-08-09 00:04:15.559757,Gold,False,12.647953374624839,3.5182098989252903,True
GAM0157,STU029,GRP005,Presentation Pro,88,2025-08-04 05:04:15.559763,Platinum,True,10.874517857891028,23.377373606994382,True
GAM0158,STU067,GRP010,Presentation Pro,19,2025-08-15 06:04:15.559769,Bronze,False,10.089820830659885,5.830000987484651,True
GAM0159,STU011,GRP005,Data Detective,57,2025-08-18 13:04:15.559774,Platinum,False,4.1529167392983375,48.257064696316746,True
GAM0160,STU044,GRP010,Innovation Leader,49,2025-08-06 06:04:15.559780,Platinum,False,14.472205851352692,20.51319744785033,True
GAM0161,STU076,GRP018,Model Master,70,2025-08-17 07:04:15.559785,Bronze,False,12.479079926162994,3.1748209356854606,False
GAM0162,STU069,GRP017,Code Collaborator,42,2025-08-11 01:04:15.559790,Gold,False,9.146119802842932,8.808624659972601,False
GAM0163,STU077,GRP017,Team Player,50,2025-08-04 17:04:15.559795,Gold,True,18.621732323612477,4.015386771829414,True
GAM0164,STU045,GRP010,Team Player,52,2025-08-13 10:04:15.559801,Platinum,False,7.945609797957068,4.210360495335778,True
GAM0165,STU055,GRP007,Model Master,98,2025-08-18 04:04:15.559806,Silver,False,7.599102481276565,17.031657891619652,False
GAM0166,STU071,GRP011,Team Player,69,2025-08-12 02:04:15.559811,Silver,True,11.248423106845443,10.728123665255815,False
GAM0167,STU038,GRP008,Team Player,86,2025-08-07 15:04:15.559817,Gold,True,13.720088296600686,15.38083113595592,False
GAM0168,STU064,GRP012,Team Player,60,2025-08-14 04:04:15.559822,Gold,False,17.33584556915733,5.066824362446309,True
GAM0169,STU019,GRP009,Code Collaborator,42,2025-08-21 20:04:15.559827,Platinum,False,13.066333341713674,49.289893135655426,True
GAM0170,STU025,GRP009,Presentation Pro,68,2025-08-04 13:04:15.559832,Gold,False,15.243572103018016,2.179328946886874,True
GAM0171,STU007,GRP014,Presentation Pro,86,2025-08-22 04:04:15.559838,Platinum,False,15.751981380364784,0.5250788101309276,True
GAM0172,STU016,GRP005,Model Master,25,2025-08-16 18:04:15.559843,Bronze,True,16.151883582817476,21.07516305795388,False
GAM0173,STU036,GRP004,Documentation Champion,26,2025-08-07 18:04:15.559848,Bronze,False,13.074891995131708,5.7558121540803775,True
GAM0174,STU073,GRP002,Data Detective,24,2025-08-17 07:04:15.559854,Gold,False,13.069732139801657,30.703395982547796,True
GAM0175,STU030,GRP008,Documentation Champion,80,2025-08-16 22:04:15.559859,Silver,True,9.805401751438,4.54522755485207,True
GAM0176,STU075,GRP011,Team Player,31,2025-08-07 07:04:15.559864,Platinum,True,11.696653119019121,20.975873025272612,True
GAM0177,STU003,GRP006,Code Collaborator,83,2025-08-08 16:04:15.559870,Gold,False,10.439517242314427,29.380408979611538,True
GAM0178,STU032,GRP014,Team Player,40,2025-08-14 16:04:15.559875,Silver,True,13.738145358093933,2.82057009470609,False
GAM0179,STU036,GRP004,Data Detective,40,2025-08-10 04:04:15.559880,Gold,False,16.87372912550759,27.540833492021576,True
GAM0180,STU077,GRP013,Presentation Pro,37,2025-08-19 13:04:15.559885,Bronze,True,10.44162251786541,33.346849132395164,True
GAM0181,STU057,GRP015,Model Master,59,2025-08-06 08:04:15.559890,Platinum,True,14.927770853830122,45.708083576998064,True
GAM0182,STU035,GRP007,Presentation Pro,65,2025-08-07 15:04:15.559896,Gold,False,7.44919199228204,73.81226576028095,True
GAM0183,STU065,GRP020,Debugging Hero,66,2025-08-11 13:04:15.559901,Silver,False,15.25342380885982,14.3838708164416,True
GAM0184,STU010,GRP020,Debugging Hero,31,2025-08-07 16:04:15.559906,Platinum,True,8.679343510858686,2.3820046601734077,True
GAM0185,STU046,GRP013,Documentation Champion,41,2025-08-09 05:04:15.559911,Gold,True,19.864137129858427,32.36344398168454,True
GAM0186,STU061,GRP001,Team Player,92,2025-08-09 14:04:15.559917,Bronze,False,14.58474404854611,5.42336758491553,False
GAM0187,STU003,GRP013,Innovation Leader,56,2025-08-16 08:04:15.559922,Bronze,False,15.432232902183856,28.091013797057812,True
GAM0188,STU058,GRP014,Code Collaborator,65,2025-08-19 01:04:15.559927,Gold,True,16.570669995290164,11.87863305895462,True
GAM0189,STU034,GRP016,Model Master,31,2025-08-19 19:04:15.559932,Silver,True,10.620558987628872,0.2720022610048956,False
GAM0190,STU047,GRP002,Team Player,21,2025-08-09 09:04:15.559938,Silver,True,11.935622251375753,71.4245641677956,True
GAM0191,STU071,GRP002,Documentation Champion,20,2025-08-13 07:04:15.559943,Gold,False,3.164986441969752,67.93918618388258,True
GAM0192,STU019,GRP014,Documentation Champion,33,2025-08-19 14:04:15.559948,Platinum,False,10.14379749494672,4.281289316768076,True
GAM0193,STU009,GRP008,Code Collaborator,89,2025-08-23 09:04:15.559953,Silver,False,10.118609168361873,37.332653409028964,True
GAM0194,STU055,GRP006,Team Player,12,2025-08-07 06:04:15.559959,Silver,True,5.513594308382039,2.325685262688356,True
GAM0195,STU013,GRP009,Model Master,78,2025-08-21 20:04:15.559965,Platinum,False,12.975374689974025,10.706316361511988,False
GAM0196,STU020,GRP018,Model Master,41,2025-08-07 17:04:15.559970,Bronze,False,12.350105399380077,92.9860484622164,False
GAM0197,STU035,GRP017,Data Detective,74,2025-08-13 17:04:15.559975,Bronze,False,4.881037955348558,3.185688178776997,True
GAM0198,STU007,GRP016,Model Master,26,2025-08-19 08:04:15.559980,Gold,False,14.481839209849346,50.2689429410552,True
GAM0199,STU059,GRP006,Code Collaborator,41,2025-08-21 01:04:15.559985,Bronze,True,11.268789793069347,12.031743481899806,False
GAM0200,STU018,GRP001,Documentation Champion,68,2025-08-13 05:04:15.559991,Platinum,False,9.856717377123031,29.920205539985474,True
GAM0201,STU052,GRP017,Presentation Pro,92,2025-08-04 09:04:15.559996,Gold,False,13.034624119932605,86.5599112489502,False
GAM0202,STU068,GRP014,Model Master,74,2025-08-06 04:04:15.560001,Platinum,True,11.481932307747998,4.977987657648578,False
GAM0203,STU027,GRP003,Innovation Leader,48,2025-08-22 00:04:15.560007,Platinum,False,24.86378897244666,24.10904211475203,True
GAM0204,STU048,GRP001,Innovation Leader,72,2025-08-20 06:04:15.560012,Bronze,True,19.008844628822434,0.6343077345367631,True
GAM0205,STU019,GRP015,Model Master,93,2025-08-07 13:04:15.560018,Gold,False,16.17197449863617,19.09620046751646,True
GAM0206,STU003,GRP008,Presentation Pro,42,2025-08-14 02:04:15.560023,Platinum,False,6.6944934152949225,5.606742002749762,False
GAM0207,STU048,GRP007,Presentation Pro,26,2025-08-15 15:04:15.560028,Bronze,True,13.722151572792521,7.758366473521477,False
GAM0208,STU013,GRP010,Innovation Leader,16,2025-08-17 00:04:15.560033,Platinum,False,15.101638137615893,44.86230249873185,False
GAM0209,STU056,GRP003,Documentation Champion,55,2025-08-06 23:04:15.560039,Platinum,True,18.17961879483658,8.411809373112199,False
GAM0210,STU062,GRP003,Innovation Leader,52,2025-08-20 08:04:15.560044,Gold,True,12.848876513504104,12.06110664998818,True
GAM0211,STU013,GRP005,Documentation Champion,17,2025-08-23 23:04:15.560049,Silver,False,13.435314130581082,2.402638859855376,True
GAM0212,STU052,GRP011,Presentation Pro,54,2025-08-11 05:04:15.560054,Gold,False,7.613449965444722,5.045128021786834,True
GAM0213,STU067,GRP019,Code Collaborator,66,2025-08-08 07:04:15.560060,Platinum,False,7.109610608045634,39.462991251946576,False
GAM0214,STU005,GRP018,Code Collaborator,29,2025-08-04 14:04:15.560065,Platinum,False,8.339668028590598,12.840712982639843,True
GAM0215,STU057,GRP009,Model Master,28,2025-08-08 05:04:15.560070,Silver,True,7.161964636733009,13.64834987775861,True
GAM0216,STU036,GRP013,Team Player,15,2025-08-23 13:04:15.560075,Gold,True,12.443779192981339,40.43447594974824,False
GAM0217,STU025,GRP014,Team Player,63,2025-08-07 10:04:15.560080,Silver,False,1.4903007478707906,41.060023194324714,True
GAM0218,STU033,GRP007,Data Detective,18,2025-08-21 00:04:15.560085,Bronze,False,11.603500834448576,38.587997208499836,False
GAM0219,STU009,GRP008,Presentation Pro,31,2025-08-04 18:04:15.560091,Platinum,True,12.296536160206626,3.0748684483398785,True
GAM0220,STU059,GRP011,Innovation Leader,70,2025-08-04 02:04:15.560096,Gold,False,12.854267733170037,49.90087694176703,True
GAM0221,STU042,GRP017,Model Master,95,2025-08-09 22:04:15.560101,Gold,True,17.206045453919558,109.04570928841434,True
GAM0222,STU003,GRP014,Presentation Pro,44,2025-08-17 11:04:15.560106,Gold,False,18.131316390650156,33.6998674163582,False
GAM0223,STU052,GRP002,Documentation Champion,42,2025-08-22 05:04:15.560112,Silver,True,18.008776868592772,6.339515754308573,False
GAM0224,STU029,GRP008,Presentation Pro,29,2025-08-04 17:04:15.560117,Bronze,False,14.0242565515722,10.15139286612716,True
GAM0225,STU052,GRP014,Innovation Leader,48,2025-08-22 18:04:15.560122,Silver,True,9.404180857452072,3.4825706910753134,True
GAM0226,STU009,GRP011,Data Detective,65,2025-08-15 20:04:15.560128,Platinum,True,7.756466313750858,80.61439251876597,True
GAM0227,STU004,GRP011,Innovation Leader,25,2025-08-17 22:04:15.560133,Silver,False,6.44287492550692,28.732676724277376,False
GAM0228,STU063,GRP013,Team Player,61,2025-08-15 07:04:15.560138,Silver,False,13.989528346768083,56.027663102869695,True
GAM0229,STU022,GRP011,Model Master,86,2025-08-17 12:04:15.560143,Platinum,True,12.13092991062813,17.218599083697967,True
GAM0230,STU011,GRP001,Model Master,79,2025-08-15 08:04:15.560148,Platinum,True,11.216502453987342,6.285869569578718,False
GAM0231,STU020,GRP002,Data Detective,70,2025-08-20 17:04:15.560154,Bronze,True,15.321467820171293,6.356375488403198,True
GAM0232,STU047,GRP012,Code Collaborator,15,2025-08-20 23:04:15.560159,Gold,False,12.05595246355085,25.817488041774723,True
GAM0233,STU075,GRP003,Data Detective,88,2025-08-24 11:04:15.560164,Silver,True,20.48526371893719,27.806501921859056,False
GAM0234,STU063,GRP004,Documentation Champion,85,2025-08-18 06:04:15.560170,Bronze,False,6.512234597805775,24.026972458906442,True
GAM0235,STU060,GRP020,Documentation Champion,30,2025-08-10 18:04:15.560175,Bronze,False,12.580415175534519,19.281041493576964,True
GAM0236,STU037,GRP002,Debugging Hero,53,2025-08-10 07:04:15.560181,Silver,False,5.265089226754663,24.509199292922702,False
GAM0237,STU046,GRP017,Documentation Champion,47,2025-08-10 13:04:15.560186,Platinum,False,14.923837465254174,42.45544309008011,False
GAM0238,STU031,GRP010,Innovation Leader,36,2025-08-19 08:04:15.560191,Platinum,True,6.598728760673893,27.455109233214777,False
GAM0239,STU005,GRP003,Data Detective,85,2025-08-05 19:04:15.560196,Bronze,True,13.013034489069176,66.60125576021025,True
GAM0240,STU058,GRP005,Model Master,19,2025-08-18 11:04:15.560202,Gold,False,9.260134120590614,3.872476553298993,True
GAM0241,STU062,GRP014,Debugging Hero,25,2025-08-04 15:04:15.560207,Gold,True,8.764619396556316,32.02904201400403,False
GAM0242,STU005,GRP012,Model Master,60,2025-08-20 09:04:15.560212,Gold,True,9.385798121576745,49.89699728659135,True
GAM0243,STU033,GRP013,Model Master,73,2025-08-14 14:04:15.560218,Platinum,False,11.441425435033675,19.576881005222862,True
GAM0244,STU042,GRP014,Innovation Leader,82,2025-08-05 23:04:15.560223,Silver,True,7.215766530096111,8.228260867550944,False
GAM0245,STU022,GRP009,Debugging Hero,21,2025-08-14 02:04:15.560228,Gold,True,6.820537393495211,14.588422150404607,True
GAM0246,STU018,GRP008,Presentation Pro,45,2025-08-05 03:04:15.560233,Silver,True,14.346237253583393,35.64207614227771,True
GAM0247,STU002,GRP012,Innovation Leader,88,2025-08-16 13:04:15.560239,Gold,True,4.025686470283505,26.93457310885289,True
GAM0248,STU065,GRP007,Team Player,28,2025-08-17 09:04:15.560244,Gold,False,13.038832702399144,44.00088658149788,False
GAM0249,STU076,GRP020,Team Player,65,2025-08-08 01:04:15.560250,Bronze,False,4.5707241979209146,1.6954504966991095,False
GAM0250,STU076,GRP018,Documentation Champion,78,2025-08-08 09:04:15.560255,Platinum,True,12.424497628852722,24.460710881297675,True
GAM0251,STU003,GRP014,Code Collaborator,70,2025-08-06 19:04:15.560261,Platinum,False,8.813039106767523,5.700301502153653,False
GAM0252,STU078,GRP019,Team Player,50,2025-08-06 16:04:15.560266,Silver,False,15.06744346958688,61.62512788089958,True
GAM0253,STU005,GRP008,Documentation Champion,60,2025-08-18 20:04:15.560272,Bronze,True,17.14276978591649,4.441688965481134,True
GAM0254,STU058,GRP008,Debugging Hero,10,2025-08-15 07:04:15.560277,Bronze,True,10.860838182868935,19.993960313119988,False
GAM0255,STU036,GRP018,Debugging Hero,12,2025-08-13 19:04:15.560282,Gold,True,12.687765612696014,19.26547224810693,True
GAM0256,STU075,GRP007,Documentation Champion,24,2025-08-06 06:04:15.560288,Silver,False,16.321482732712663,0.10512537541475378,True
GAM0257,STU043,GRP006,Team Player,11,2025-08-09 21:04:15.560294,Platinum,True,10.600166887055918,17.624231973572876,True
GAM0258,STU032,GRP016,Data Detective,22,2025-08-21 17:04:15.560299,Gold,True,14.822524935220521,1.0565363021173053,True
GAM0259,STU033,GRP014,Model Master,64,2025-08-20 03:04:15.560304,Silver,False,8.721372953466107,42.74745937947567,True
GAM0260,STU037,GRP010,Code Collaborator,19,2025-08-03 12:04:15.560310,Silver,True,13.285332725256398,3.973087211960426,False
GAM0261,STU001,GRP008,Code Collaborator,44,2025-08-03 21:04:15.560315,Silver,True,13.305513290478185,23.88843782806805,False
GAM0262,STU044,GRP004,Presentation Pro,75,2025-08-21 21:04:15.560320,Platinum,False,12.988813598506528,31.476629173755903,False
GAM0263,STU046,GRP003,Innovation Leader,32,2025-08-16 05:04:15.560326,Silver,False,19.0771909850527,2.37777022826017,False
GAM0264,STU080,GRP003,Code Collaborator,30,2025-08-21 09:04:15.560331,Gold,True,4.6318650168575815,86.3501485104372,True
GAM0265,STU069,GRP007,Presentation Pro,90,2025-08-17 00:04:15.560336,Bronze,False,13.011577667368801,46.69765964685742,False
GAM0266,STU056,GRP004,Debugging Hero,37,2025-08-20 22:04:15.560342,Silver,False,12.866277224683543,10.222517186675557,False
GAM0267,STU009,GRP008,Presentation Pro,81,2025-08-08 01:04:15.560347,Platinum,False,12.465896309167958,55.474152541814966,True
GAM0268,STU048,GRP007,Data Detective,14,2025-08-14 20:04:15.560353,Silver,True,16.705606145654745,32.0012792490896,True
GAM0269,STU003,GRP012,Innovation Leader,63,2025-08-08 12:04:15.560358,Bronze,False,8.467475786964862,0.44448777076883283,False
GAM0270,STU011,GRP005,Code Collaborator,86,2025-08-13 09:04:15.560363,Bronze,True,17.77313412979447,5.393383268880051,True
GAM0271,STU071,GRP018,Innovation Leader,25,2025-08-11 04:04:15.560368,Bronze,False,12.85062032687956,15.928575640672637,True
GAM0272,STU069,GRP014,Documentation Champion,14,2025-08-06 04:04:15.560374,Bronze,True,7.561204118611867,36.181994500701464,False
GAM0273,STU018,GRP009,Debugging Hero,29,2025-08-18 12:04:15.560379,Gold,False,13.403357897698564,8.537459391087909,False
GAM0274,STU068,GRP012,Code Collaborator,73,2025-08-17 22:04:15.560385,Gold,False,13.149743006784336,12.675946936636052,True
GAM0275,STU037,GRP011,Model Master,21,2025-08-05 22:04:15.560390,Silver,True,6.299942657744466,60.70342452874752,True
GAM0276,STU013,GRP009,Innovation Leader,50,2025-08-05 13:04:15.560395,Bronze,True,11.816960123352382,10.683297882840744,True
GAM0277,STU075,GRP003,Team Player,16,2025-08-18 14:04:15.560400,Gold,True,16.17834241816586,9.451446309383329,False
GAM0278,STU071,GRP019,Documentation Champion,80,2025-08-10 11:04:15.560406,Gold,True,13.302318123499035,39.23150417104993,False
GAM0279,STU006,GRP010,Debugging Hero,21,2025-08-10 11:04:15.560411,Gold,False,5.204922774166751,8.93185959964855,False
GAM0280,STU018,GRP003,Code Collaborator,85,2025-08-24 09:04:15.560416,Bronze,False,11.565083546124418,1.716791278743412,True
GAM0281,STU047,GRP013,Code Collaborator,43,2025-08-21 02:04:15.560421,Silver,True,6.502279572612153,28.99788653034408,True
GAM0282,STU024,GRP019,Code Collaborator,90,2025-08-07 04:04:15.560427,Bronze,False,9.190836379848934,8.575473670459905,True
GAM0283,STU017,GRP006,Team Player,62,2025-08-24 09:04:15.560432,Gold,True,26.22583229750726,56.41072277790782,True
GAM0284,STU031,GRP002,Debugging Hero,37,2025-08-11 10:04:15.560437,Platinum,True,15.593222055427587,31.314158825273935,False
GAM0285,STU038,GRP012,Model Master,61,2025-08-03 17:04:15.560443,Platinum,False,10.836053035599463,2.640130255498924,True
GAM0286,STU079,GRP004,Debugging Hero,42,2025-08-10 16:04:15.560448,Platinum,True,14.034760320760833,0.7880432126891335,False
GAM0287,STU052,GRP019,Team Player,42,2025-08-09 18:04:15.560453,Silver,True,15.702978402810283,3.444650547423124,False
GAM0288,STU075,GRP004,Team Player,26,2025-08-09 07:04:15.560459,Bronze,True,17.694662320969563,32.95173606340823,False
GAM0289,STU006,GRP003,Debugging Hero,27,2025-08-03 21:04:15.560464,Silver,False,16.75002208205062,30.572219794622573,False
GAM0290,STU074,GRP001,Team Player,24,2025-08-06 19:04:15.560469,Bronze,False,16.738800033076032,20.540826991613965,True
GAM0291,STU027,GRP015,Model Master,28,2025-08-09 01:04:15.560474,Bronze,False,14.839303954109056,7.2522025185771675,True
GAM0292,STU053,GRP013,Documentation Champion,66,2025-08-10 08:04:15.560480,Silver,True,17.507908502195306,13.371406139457921,True
GAM0293,STU046,GRP007,Team Player,72,2025-08-14 01:04:15.560485,Gold,False,8.788723308332028,0.6035516141562112,True
GAM0294,STU001,GRP014,Presentation Pro,30,2025-08-23 04:04:15.560491,Bronze,False,12.760416245802165,80.36510622762361,True
GAM0295,STU027,GRP014,Code Collaborator,46,2025-08-21 11:04:15.560496,Gold,False,9.779594901523327,19.263785006031856,True
GAM0296,STU002,GRP016,Code Collaborator,85,2025-08-14 19:04:15.560502,Gold,False,3.9589029296067544,7.119432009562411,True
GAM0297,STU058,GRP007,Documentation Champion,71,2025-08-03 22:04:15.560507,Platinum,False,12.299107386486217,0.508999108256235,True
GAM0298,STU029,GRP015,Model Master,12,2025-08-07 20:04:15.560513,Silver,False,10.469690183815965,5.294017402167749,True
GAM0299,STU071,GRP017,Model Master,24,2025-08-18 18:04:15.560518,Gold,False,5.172481729570522,2.193614866420026,True
GAM0300,STU035,GRP017,Documentation Champion,61,2025-08-24 01:04:15.560523,Bronze,True,14.25679875223572,66.2642193629534,True
