reinforcement_id,student_id,group_id,reinforcement_type,timestamp,engagement_before,engagement_after,motivation_boost,student_response,continued_engagement,message_content
MOT0001,STU064,GRP014,Team Contribution Highlight,2025-08-15 23:04:15.550924,5.262180686681425,7.369926620366371,-0.21586749406576877,Positive,True,Great work on model implementation!
MOT0002,STU036,GRP013,Achievement Badge,2025-08-12 01:04:15.550967,11.210634365153355,7.6204976216191485,2.1309823199319298,Neutral,True,Great work on model implementation!
MOT0003,STU063,GRP014,Skill Improvement Note,2025-08-15 11:04:15.550977,4.642758283496812,8.99566611077161,2.786072701319733,Neutral,False,Great work on data analysis!
MOT0004,STU078,GRP013,Skill Improvement Note,2025-08-20 05:04:15.550984,6.409578876458028,6.5869422040924785,1.1889628792435711,Neutral,True,Great work on data analysis!
MOT0005,STU058,GRP006,Achievement Badge,2025-08-13 14:04:15.550990,3.1598577125641603,7.75453595877379,1.9567737114503967,Neutral,True,Great work on team collaboration!
MOT0006,STU078,GRP017,Peer Recognition,2025-08-16 00:04:15.550997,6.446363533439729,7.459032534373239,1.7220544928896264,Very Positive,True,Great work on team collaboration!
MOT0007,STU055,GRP006,Peer Recognition,2025-08-19 06:04:15.551005,7.406037270424329,5.808113324993781,1.3710583698230308,Very Positive,True,Great work on team collaboration!
MOT0008,STU048,GRP005,Peer Recognition,2025-08-21 21:04:15.551015,10.153977686343865,6.197980505222371,1.2316649337335468,Very Positive,True,Great work on data analysis!
MOT0009,STU043,GRP007,Skill Improvement Note,2025-08-12 09:04:15.551023,9.412619183077554,9.12501018785241,0.8892826553791509,Neutral,False,Great work on data analysis!
MOT0010,STU050,GRP010,Team Contribution Highlight,2025-08-19 23:04:15.551029,6.809203069433906,7.797465984018212,0.7015425565426661,Positive,True,Great work on team collaboration!
MOT0011,STU078,GRP003,Team Contribution Highlight,2025-08-10 17:04:15.551036,6.388621838760376,7.464040640632165,1.3901991504613997,Negative,True,Great work on documentation!
MOT0012,STU041,GRP011,Progress Celebration,2025-08-20 07:04:15.551042,5.37742522896345,6.268058159706406,1.2669753812861033,Very Positive,False,Great work on documentation!
MOT0013,STU006,GRP009,Skill Improvement Note,2025-08-21 22:04:15.551048,9.07267732726817,7.898643511515355,1.0347249768547637,Very Positive,True,Great work on team collaboration!
MOT0014,STU076,GRP013,Progress Celebration,2025-08-12 04:04:15.551053,7.631128707557748,7.610016464885546,2.7944263399672877,Very Positive,True,Great work on data analysis!
MOT0015,STU060,GRP010,Progress Celebration,2025-08-15 21:04:15.551059,6.494131236057382,8.640596475789796,0.6963164940853817,Very Positive,False,Great work on data analysis!
MOT0016,STU044,GRP001,Achievement Badge,2025-08-14 11:04:15.551065,7.254633880004993,8.130112172332504,1.2547951002726336,Very Positive,False,Great work on documentation!
MOT0017,STU039,GRP009,Peer Recognition,2025-08-17 02:04:15.551071,5.747363358245419,7.03436380121715,1.525882131183722,Negative,True,Great work on team collaboration!
MOT0018,STU064,GRP020,Achievement Badge,2025-08-16 02:04:15.551077,7.443408664544711,7.647404644447042,1.529814343296634,Neutral,True,Great work on documentation!
MOT0019,STU064,GRP004,Peer Recognition,2025-08-11 07:04:15.551083,6.443127982800846,7.918231229886465,1.13964401385822,Very Positive,True,Great work on data analysis!
MOT0020,STU002,GRP005,Achievement Badge,2025-08-17 14:04:15.551089,6.5269588690524625,11.037648548180911,1.54930743904594,Negative,True,Great work on data analysis!
MOT0021,STU025,GRP012,Team Contribution Highlight,2025-08-24 09:04:15.551096,7.467945437646565,8.325628326393716,1.0897465413623524,Very Positive,True,Great work on data analysis!
MOT0022,STU015,GRP002,Peer Recognition,2025-08-22 21:04:15.551103,8.440983819937502,7.45060347548839,2.144043639154041,Neutral,True,Great work on documentation!
MOT0023,STU035,GRP006,Progress Celebration,2025-08-12 01:04:15.551108,5.998689502900326,6.6480329770271505,1.5923169665889545,Negative,True,Great work on team collaboration!
MOT0024,STU019,GRP019,Skill Improvement Note,2025-08-10 21:04:15.551114,4.84299746584684,8.442768270019931,0.34467307512694667,Negative,True,Great work on model implementation!
MOT0025,STU074,GRP016,Goal Achievement,2025-08-14 01:04:15.551120,6.02148795429072,6.08192436417031,3.5593336075221833,Neutral,True,Great work on documentation!
MOT0026,STU029,GRP003,Peer Recognition,2025-08-18 04:04:15.551126,4.019060660575528,7.811776488475685,2.2146434194640108,Very Positive,True,Great work on model implementation!
MOT0027,STU027,GRP003,Achievement Badge,2025-08-13 22:04:15.551132,8.054578862880538,8.821610546607765,1.0462172894228197,Very Positive,True,Great work on model implementation!
MOT0028,STU060,GRP013,Progress Celebration,2025-08-14 02:04:15.551137,8.526633419505503,8.89606930896262,1.4698396941283813,Very Positive,True,Great work on team collaboration!
MOT0029,STU040,GRP015,Goal Achievement,2025-08-21 05:04:15.551143,6.860871136589888,7.435292822861553,0.5722783793335693,Very Positive,False,Great work on model implementation!
MOT0030,STU047,GRP013,Skill Improvement Note,2025-08-11 06:04:15.551149,8.355726463218074,9.374649592321838,0.592712687176063,Positive,True,Great work on model implementation!
MOT0031,STU009,GRP009,Skill Improvement Note,2025-08-20 23:04:15.551155,6.269322252280713,7.627892140249285,1.2738752770077522,Neutral,False,Great work on data analysis!
MOT0032,STU019,GRP015,Achievement Badge,2025-08-22 03:04:15.551161,6.5964423178813725,8.936233753975415,0.7022261532106051,Positive,True,Great work on documentation!
MOT0033,STU024,GRP009,Achievement Badge,2025-08-14 08:04:15.551167,5.23047951273101,9.28394369057157,0.9298842064949615,Negative,True,Great work on data analysis!
MOT0034,STU071,GRP003,Peer Recognition,2025-08-15 07:04:15.551173,4.605446969634401,7.217844069480156,1.0359578118047994,Positive,True,Great work on documentation!
MOT0035,STU066,GRP011,Achievement Badge,2025-08-15 02:04:15.551180,8.832444091588648,8.909791454852085,2.218016493305794,Neutral,True,Great work on data analysis!
MOT0036,STU049,GRP014,Progress Celebration,2025-08-18 05:04:15.551186,7.729960463520179,8.935492405938376,0.7495342987357455,Positive,True,Great work on team collaboration!
MOT0037,STU068,GRP020,Skill Improvement Note,2025-08-13 10:04:15.551191,6.202096766969773,6.612101624371741,1.1316095755703732,Negative,True,Great work on data analysis!
MOT0038,STU032,GRP004,Progress Celebration,2025-08-22 01:04:15.551197,7.526157486402111,7.961499941774696,2.3491846551682363,Very Positive,False,Great work on team collaboration!
MOT0039,STU031,GRP003,Team Contribution Highlight,2025-08-22 08:04:15.551203,4.787876311659171,8.400286020837887,0.3013577585045455,Neutral,True,Great work on documentation!
MOT0040,STU051,GRP013,Achievement Badge,2025-08-19 19:04:15.551208,6.641264703760464,8.688400107067775,1.1283979465406246,Neutral,True,Great work on model implementation!
MOT0041,STU027,GRP012,Goal Achievement,2025-08-18 08:04:15.551214,7.326689906130434,6.648321198200479,-0.030951982557106517,Neutral,True,Great work on data analysis!
MOT0042,STU024,GRP017,Goal Achievement,2025-08-11 05:04:15.551220,7.335544433731704,9.89281228089088,0.5031640478640863,Negative,True,Great work on model implementation!
MOT0043,STU022,GRP011,Goal Achievement,2025-08-23 00:04:15.551226,8.333291270160192,7.852108090579693,0.23144678264553908,Positive,True,Great work on documentation!
MOT0044,STU019,GRP001,Goal Achievement,2025-08-14 09:04:15.551231,4.802742047971757,7.8189417280327795,0.9764301696607172,Negative,True,Great work on model implementation!
MOT0045,STU034,GRP003,Progress Celebration,2025-08-24 07:04:15.551237,4.530630534862642,5.767152862529514,0.6226245376587951,Neutral,False,Great work on data analysis!
MOT0046,STU063,GRP008,Skill Improvement Note,2025-08-22 03:04:15.551243,6.790713512496677,7.792319096876234,0.8990096339999374,Very Positive,False,Great work on team collaboration!
MOT0047,STU030,GRP017,Team Contribution Highlight,2025-08-20 22:04:15.551249,6.802830791437224,9.048032063835224,1.6153012083473184,Positive,True,Great work on data analysis!
MOT0048,STU039,GRP011,Skill Improvement Note,2025-08-14 00:04:15.551254,6.318036992915629,8.913686407992827,0.532119758226964,Neutral,False,Great work on team collaboration!
MOT0049,STU063,GRP009,Peer Recognition,2025-08-14 17:04:15.551260,6.162620690666973,7.558694477279558,0.3104373932457237,Very Positive,False,Great work on team collaboration!
MOT0050,STU043,GRP017,Goal Achievement,2025-08-11 18:04:15.551266,5.870188756573463,5.310048382925636,2.8297424381303626,Negative,True,Great work on data analysis!
MOT0051,STU019,GRP014,Progress Celebration,2025-08-21 11:04:15.551271,5.093879317345531,9.703336957705574,1.330467604575594,Neutral,True,Great work on model implementation!
MOT0052,STU074,GRP014,Peer Recognition,2025-08-20 02:04:15.551277,7.347296198233939,7.213440241978882,1.4663437535693395,Very Positive,True,Great work on documentation!
MOT0053,STU014,GRP009,Goal Achievement,2025-08-12 21:04:15.551283,7.475734459982654,8.597462897273019,1.9198187120594858,Negative,False,Great work on model implementation!
MOT0054,STU034,GRP012,Peer Recognition,2025-08-16 03:04:15.551290,5.947500934941235,7.223568393010374,0.024658939785917156,Negative,False,Great work on team collaboration!
MOT0055,STU040,GRP007,Achievement Badge,2025-08-12 03:04:15.551295,7.284828516765405,9.098854453588132,2.592785343934344,Neutral,False,Great work on data analysis!
MOT0056,STU056,GRP015,Team Contribution Highlight,2025-08-17 02:04:15.551301,6.957758951870762,6.880224272509716,-0.057676914631564324,Neutral,True,Great work on data analysis!
MOT0057,STU064,GRP005,Skill Improvement Note,2025-08-21 07:04:15.551306,8.062500099625026,5.644468119866957,1.0275167378049868,Neutral,True,Great work on model implementation!
MOT0058,STU039,GRP016,Peer Recognition,2025-08-23 02:04:15.551312,6.163539758084531,7.716653834578777,1.3286420800286722,Neutral,True,Great work on data analysis!
MOT0059,STU028,GRP010,Team Contribution Highlight,2025-08-21 20:04:15.551318,6.707221334551362,4.901564085505765,1.3117247278961015,Very Positive,True,Great work on data analysis!
MOT0060,STU056,GRP012,Goal Achievement,2025-08-24 11:04:15.551323,3.155636638832184,8.678661687709194,0.8558998753571103,Very Positive,True,Great work on team collaboration!
MOT0061,STU037,GRP017,Goal Achievement,2025-08-12 12:04:15.551329,3.2644449121649743,6.822954387137549,0.843939728652277,Positive,False,Great work on team collaboration!
MOT0062,STU019,GRP007,Skill Improvement Note,2025-08-12 00:04:15.551334,8.286049426332507,8.035965290100293,1.5755559554804641,Very Positive,True,Great work on data analysis!
MOT0063,STU061,GRP012,Progress Celebration,2025-08-10 21:04:15.551340,8.271832451330901,7.684626854490612,1.9033503688259228,Negative,True,Great work on data analysis!
MOT0064,STU034,GRP010,Team Contribution Highlight,2025-08-17 20:04:15.551345,7.525791670897988,6.256236607716705,2.4783868621038634,Positive,True,Great work on team collaboration!
MOT0065,STU075,GRP005,Goal Achievement,2025-08-20 05:04:15.551351,4.369547329893958,8.900839979373417,0.08634157047549373,Neutral,True,Great work on model implementation!
MOT0066,STU039,GRP010,Achievement Badge,2025-08-18 03:04:15.551358,7.40185518222751,10.034297853780206,1.129617074759831,Negative,True,Great work on documentation!
MOT0067,STU056,GRP004,Progress Celebration,2025-08-13 06:04:15.551364,6.11546653572028,8.53252799918022,1.0364828352299655,Negative,True,Great work on team collaboration!
MOT0068,STU060,GRP012,Skill Improvement Note,2025-08-14 13:04:15.551370,9.227418055614232,8.030630699350434,1.0438643934234193,Negative,False,Great work on documentation!
MOT0069,STU004,GRP018,Achievement Badge,2025-08-15 12:04:15.551375,5.689571708156475,6.680461835792375,0.7977960105940083,Very Positive,True,Great work on team collaboration!
MOT0070,STU032,GRP019,Team Contribution Highlight,2025-08-16 12:04:15.551381,5.973989909512105,7.2148331118017035,0.773459780690317,Positive,True,Great work on team collaboration!
MOT0071,STU007,GRP013,Progress Celebration,2025-08-15 21:04:15.551387,9.648261845528658,6.563885908212612,1.4173060701169398,Very Positive,True,Great work on documentation!
MOT0072,STU007,GRP003,Achievement Badge,2025-08-18 17:04:15.551392,7.388781514641308,8.55612959470048,1.2531143393740225,Very Positive,True,Great work on data analysis!
MOT0073,STU038,GRP019,Skill Improvement Note,2025-08-17 10:04:15.551398,6.1389461422290355,8.341856989487408,1.5132173199825607,Very Positive,True,Great work on data analysis!
MOT0074,STU027,GRP017,Progress Celebration,2025-08-12 12:04:15.551403,6.11156174784873,5.925745713930683,0.9256610221334021,Negative,True,Great work on model implementation!
MOT0075,STU039,GRP010,Goal Achievement,2025-08-24 08:04:15.551409,4.780174754438813,6.999408539920408,1.3265785908135677,Negative,True,Great work on model implementation!
MOT0076,STU015,GRP003,Achievement Badge,2025-08-21 05:04:15.551414,7.038104215994924,9.936543301550888,0.8700748968769489,Very Positive,True,Great work on model implementation!
MOT0077,STU027,GRP004,Skill Improvement Note,2025-08-23 23:04:15.551420,7.661938452912726,8.167152029325404,2.336798136511832,Negative,True,Great work on data analysis!
MOT0078,STU039,GRP013,Skill Improvement Note,2025-08-20 13:04:15.551428,7.364343079393439,6.58982228725642,-0.07843682343298508,Positive,False,Great work on team collaboration!
MOT0079,STU079,GRP015,Goal Achievement,2025-08-11 08:04:15.551434,6.9668925495012575,7.165858802519531,0.5157490032395222,Very Positive,True,Great work on data analysis!
MOT0080,STU024,GRP005,Goal Achievement,2025-08-10 11:04:15.551439,4.5986334432003835,7.993170597104586,2.506166159450692,Positive,True,Great work on model implementation!
MOT0081,STU061,GRP016,Peer Recognition,2025-08-18 07:04:15.551445,5.886991481440938,8.508324373290387,1.218186919825926,Very Positive,False,Great work on documentation!
MOT0082,STU048,GRP009,Skill Improvement Note,2025-08-16 06:04:15.551450,4.565926866344911,8.6817736122125,0.42424636477810296,Very Positive,True,Great work on documentation!
MOT0083,STU019,GRP001,Peer Recognition,2025-08-14 17:04:15.551456,6.5324399458903475,7.3901755019936335,2.0144619476525536,Very Positive,True,Great work on data analysis!
MOT0084,STU075,GRP010,Achievement Badge,2025-08-10 17:04:15.551462,4.91277351129397,8.26904388936235,0.6281620741210393,Negative,True,Great work on team collaboration!
MOT0085,STU018,GRP015,Goal Achievement,2025-08-14 17:04:15.551468,5.733342181506822,3.437759726951877,2.9736788572943267,Neutral,True,Great work on model implementation!
MOT0086,STU046,GRP017,Team Contribution Highlight,2025-08-20 00:04:15.551473,7.325835399239348,6.879183016874203,0.4002754493336049,Neutral,False,Great work on documentation!
MOT0087,STU066,GRP003,Progress Celebration,2025-08-10 12:04:15.551479,5.75652687068099,8.660255441783342,-0.21366794046794046,Positive,True,Great work on team collaboration!
MOT0088,STU059,GRP005,Peer Recognition,2025-08-18 00:04:15.551484,6.287623371058493,9.924770246955209,0.39284293122575664,Negative,True,Great work on documentation!
MOT0089,STU049,GRP016,Team Contribution Highlight,2025-08-20 15:04:15.551490,6.620577558145483,10.443971778309308,1.8057213037526183,Neutral,True,Great work on team collaboration!
MOT0090,STU076,GRP019,Peer Recognition,2025-08-12 00:04:15.551496,6.688885730728183,8.407963745890804,0.9793077319922381,Negative,True,Great work on data analysis!
MOT0091,STU021,GRP008,Achievement Badge,2025-08-22 05:04:15.551501,8.44944692795516,7.320803972519745,-0.26734528698878157,Negative,False,Great work on documentation!
MOT0092,STU042,GRP008,Goal Achievement,2025-08-19 10:04:15.551507,5.91304534408931,6.639918564147956,1.0750447902420566,Very Positive,False,Great work on model implementation!
MOT0093,STU050,GRP014,Achievement Badge,2025-08-23 04:04:15.551513,6.1113739113790535,9.23690783976589,1.8562341813315086,Neutral,True,Great work on data analysis!
MOT0094,STU057,GRP012,Team Contribution Highlight,2025-08-11 00:04:15.551519,6.894898231363095,7.796465506400886,0.45291359291360445,Very Positive,False,Great work on team collaboration!
MOT0095,STU014,GRP015,Skill Improvement Note,2025-08-21 15:04:15.551525,3.2282371435014836,7.93579201367134,1.9357129628589271,Positive,True,Great work on documentation!
MOT0096,STU057,GRP010,Progress Celebration,2025-08-20 04:04:15.551530,6.337499175133116,7.158174812655959,1.67160173217137,Positive,True,Great work on model implementation!
MOT0097,STU012,GRP019,Achievement Badge,2025-08-11 01:04:15.551536,6.375001699063479,9.822893030368753,2.2861826736546274,Very Positive,True,Great work on model implementation!
MOT0098,STU001,GRP012,Skill Improvement Note,2025-08-12 09:04:15.551542,7.9392620855349945,8.709280937051885,0.2678660684388343,Very Positive,True,Great work on documentation!
MOT0099,STU025,GRP007,Team Contribution Highlight,2025-08-14 09:04:15.551547,7.494490553078899,8.25159114917589,1.7851397827129307,Neutral,True,Great work on model implementation!
MOT0100,STU009,GRP015,Skill Improvement Note,2025-08-11 03:04:15.551553,7.238914230219579,8.343315105417679,3.460693175639676,Negative,False,Great work on data analysis!
MOT0101,STU017,GRP017,Peer Recognition,2025-08-22 08:04:15.551559,6.385721495072121,8.923604856995196,0.9232081517887974,Very Positive,True,Great work on data analysis!
MOT0102,STU077,GRP018,Peer Recognition,2025-08-24 00:04:15.551564,7.685962375831508,8.927183868278947,1.5915408617082785,Positive,False,Great work on team collaboration!
MOT0103,STU033,GRP013,Goal Achievement,2025-08-16 20:04:15.551570,9.00387041356475,6.7388687563674985,0.9102232466654223,Very Positive,False,Great work on model implementation!
MOT0104,STU037,GRP003,Team Contribution Highlight,2025-08-12 05:04:15.551576,6.818570129035234,8.856968224181067,1.4435436170359466,Positive,False,Great work on team collaboration!
MOT0105,STU052,GRP020,Achievement Badge,2025-08-12 20:04:15.551581,8.428638554765849,7.005972154840417,0.3875372084091564,Very Positive,True,Great work on team collaboration!
MOT0106,STU004,GRP002,Peer Recognition,2025-08-15 12:04:15.551587,6.962192504804757,7.707383668663565,1.7342909762865761,Neutral,True,Great work on data analysis!
MOT0107,STU018,GRP007,Team Contribution Highlight,2025-08-17 11:04:15.551593,6.458896563700244,7.391976251251851,1.2400499426210212,Very Positive,True,Great work on data analysis!
MOT0108,STU073,GRP020,Goal Achievement,2025-08-23 17:04:15.551599,6.543273342189777,7.434022440182003,1.1374943629412575,Neutral,False,Great work on documentation!
MOT0109,STU077,GRP020,Achievement Badge,2025-08-12 17:04:15.551604,5.894609994519635,8.827998143843288,1.4552168036046396,Negative,False,Great work on team collaboration!
MOT0110,STU006,GRP004,Achievement Badge,2025-08-13 21:04:15.551611,9.885128708253148,7.992845461534154,0.8593140237370707,Positive,True,Great work on documentation!
MOT0111,STU062,GRP010,Progress Celebration,2025-08-24 01:04:15.551617,10.506013062294597,8.296351653257203,2.0920998295142534,Very Positive,True,Great work on model implementation!
MOT0112,STU069,GRP020,Skill Improvement Note,2025-08-24 02:04:15.551623,7.388154474803738,8.547613235157298,1.7285232410819795,Negative,True,Great work on documentation!
MOT0113,STU017,GRP014,Goal Achievement,2025-08-15 09:04:15.551629,4.846873152835903,8.241034857073695,0.24011095691980877,Positive,True,Great work on data analysis!
MOT0114,STU079,GRP012,Peer Recognition,2025-08-20 08:04:15.551635,6.238455745381199,6.929259052124055,1.5859761486789794,Neutral,True,Great work on data analysis!
MOT0115,STU031,GRP008,Achievement Badge,2025-08-11 22:04:15.551640,7.001189371007352,8.377375068918225,1.5298372581992699,Very Positive,True,Great work on data analysis!
MOT0116,STU002,GRP008,Achievement Badge,2025-08-22 20:04:15.551646,5.589761987320402,7.486795812777984,2.036316929003588,Very Positive,True,Great work on model implementation!
MOT0117,STU037,GRP002,Peer Recognition,2025-08-17 00:04:15.551651,8.1017850159416,6.423860281648141,0.07525789398988292,Positive,False,Great work on model implementation!
MOT0118,STU078,GRP013,Skill Improvement Note,2025-08-10 11:04:15.551657,5.409665925192932,9.054249098438701,2.2719072241464273,Very Positive,True,Great work on data analysis!
MOT0119,STU033,GRP018,Progress Celebration,2025-08-13 22:04:15.551663,5.112932179398243,8.168771224483606,2.76754506651207,Neutral,False,Great work on model implementation!
MOT0120,STU057,GRP010,Peer Recognition,2025-08-12 17:04:15.551669,7.1229672158605,9.505803942279712,2.098981256066479,Neutral,False,Great work on model implementation!
MOT0121,STU068,GRP009,Peer Recognition,2025-08-12 22:04:15.551674,5.134701940658134,7.572022291803506,1.3278035826334784,Very Positive,True,Great work on documentation!
MOT0122,STU080,GRP016,Peer Recognition,2025-08-22 19:04:15.551680,6.65620008203201,8.899594744126285,1.626947809820327,Positive,False,Great work on model implementation!
MOT0123,STU040,GRP018,Progress Celebration,2025-08-21 21:04:15.551686,2.095698584332827,6.224591672288729,-0.44990473198083447,Neutral,True,Great work on model implementation!
MOT0124,STU005,GRP008,Goal Achievement,2025-08-15 02:04:15.551691,6.763047860983002,8.088585179361313,1.526579966888575,Negative,False,Great work on data analysis!
MOT0125,STU064,GRP002,Peer Recognition,2025-08-18 13:04:15.551697,5.0616075984280755,8.608972806143987,1.8730099971748233,Negative,True,Great work on data analysis!
MOT0126,STU008,GRP009,Team Contribution Highlight,2025-08-16 07:04:15.551703,4.617276399192264,6.040754158261353,1.2998946510184497,Negative,True,Great work on documentation!
MOT0127,STU050,GRP015,Achievement Badge,2025-08-19 17:04:15.551708,9.18767341042004,9.83969129063837,1.750723488358442,Positive,True,Great work on documentation!
MOT0128,STU069,GRP002,Goal Achievement,2025-08-17 23:04:15.551714,5.405004992629886,8.864211191386302,0.9380605881527668,Very Positive,True,Great work on team collaboration!
MOT0129,STU004,GRP020,Peer Recognition,2025-08-18 21:04:15.551719,5.348739444989285,5.227239802053607,1.3819057586781223,Positive,True,Great work on team collaboration!
MOT0130,STU080,GRP014,Skill Improvement Note,2025-08-23 06:04:15.551726,5.555198976293937,7.915716455434205,-0.5394861569896492,Very Positive,True,Great work on team collaboration!
MOT0131,STU069,GRP015,Skill Improvement Note,2025-08-12 06:04:15.551732,6.7547400088755305,4.882654603234046,2.1703522026148416,Neutral,True,Great work on documentation!
MOT0132,STU060,GRP008,Progress Celebration,2025-08-24 04:04:15.551738,7.282836851202626,7.465602274290495,1.7501758880656635,Neutral,True,Great work on team collaboration!
MOT0133,STU011,GRP008,Team Contribution Highlight,2025-08-18 04:04:15.551744,5.032888606004672,7.886850618737871,1.9358192307682687,Neutral,True,Great work on data analysis!
MOT0134,STU079,GRP009,Peer Recognition,2025-08-18 18:04:15.551749,1.8585661263629154,7.263330768386972,1.2818846958909007,Neutral,True,Great work on data analysis!
MOT0135,STU016,GRP010,Team Contribution Highlight,2025-08-17 15:04:15.551755,6.2055595733813504,9.548522191472886,0.40087910006169236,Neutral,False,Great work on documentation!
MOT0136,STU060,GRP001,Skill Improvement Note,2025-08-24 07:04:15.551760,5.568261134832157,5.500957168429862,2.5082293210185167,Negative,True,Great work on team collaboration!
MOT0137,STU062,GRP018,Progress Celebration,2025-08-15 18:04:15.551766,6.1305647860868,7.2739093343559516,1.2580138541514287,Very Positive,True,Great work on data analysis!
MOT0138,STU036,GRP020,Team Contribution Highlight,2025-08-17 19:04:15.551771,7.454353742645486,8.216836084219349,3.41830737084567,Very Positive,True,Great work on team collaboration!
MOT0139,STU036,GRP009,Skill Improvement Note,2025-08-21 18:04:15.551777,7.180903832605662,7.2417054849971025,0.8509146099808423,Positive,True,Great work on model implementation!
MOT0140,STU080,GRP002,Progress Celebration,2025-08-22 01:04:15.551782,5.910861571374786,5.997795690444194,1.331891365993269,Very Positive,True,Great work on documentation!
MOT0141,STU075,GRP011,Achievement Badge,2025-08-12 16:04:15.551788,7.6752021593133755,7.063963679252117,0.6540959549727108,Positive,True,Great work on team collaboration!
MOT0142,STU033,GRP001,Goal Achievement,2025-08-16 23:04:15.551794,8.77391771944135,6.088220212054602,-0.3542547011818411,Very Positive,True,Great work on team collaboration!
MOT0143,STU014,GRP003,Team Contribution Highlight,2025-08-15 00:04:15.551799,4.770647084528926,5.951480739450844,1.6089808512836656,Very Positive,True,Great work on model implementation!
MOT0144,STU027,GRP011,Team Contribution Highlight,2025-08-16 13:04:15.551813,5.95894324932564,7.536375545971392,2.2223473415798187,Negative,True,Great work on documentation!
MOT0145,STU037,GRP005,Achievement Badge,2025-08-17 12:04:15.551819,5.462997708255836,8.730107294094768,2.5090582393625622,Neutral,True,Great work on documentation!
MOT0146,STU048,GRP016,Peer Recognition,2025-08-11 05:04:15.551825,5.816506252979509,8.684427426667575,1.106545669976816,Very Positive,True,Great work on data analysis!
MOT0147,STU038,GRP005,Team Contribution Highlight,2025-08-23 22:04:15.551830,7.886147193261183,5.914212974908472,-0.016409796100277152,Very Positive,True,Great work on team collaboration!
MOT0148,STU066,GRP017,Team Contribution Highlight,2025-08-17 03:04:15.551836,5.913098427638689,6.733290229128275,0.8866327124560918,Positive,True,Great work on data analysis!
MOT0149,STU020,GRP013,Goal Achievement,2025-08-22 19:04:15.551842,6.17071012632929,8.664016238203502,0.9738715371472522,Very Positive,False,Great work on model implementation!
MOT0150,STU073,GRP017,Team Contribution Highlight,2025-08-11 01:04:15.551848,5.26420803406537,7.378183947889321,0.6846837761547058,Negative,True,Great work on data analysis!
MOT0151,STU068,GRP002,Team Contribution Highlight,2025-08-14 10:04:15.551854,5.098991746905929,5.864379823707637,1.355582492976863,Negative,True,Great work on model implementation!
MOT0152,STU074,GRP010,Progress Celebration,2025-08-17 11:04:15.551860,5.64694144010442,8.959534487081605,0.14208312635284748,Positive,True,Great work on team collaboration!
MOT0153,STU030,GRP015,Peer Recognition,2025-08-22 00:04:15.551865,5.686874667428182,9.975488664790499,0.5483123863217204,Positive,True,Great work on documentation!
MOT0154,STU047,GRP003,Peer Recognition,2025-08-12 13:04:15.551871,6.145200121855814,6.340987220609557,0.22125798977521516,Very Positive,False,Great work on documentation!
MOT0155,STU078,GRP008,Skill Improvement Note,2025-08-15 13:04:15.551877,8.820966474631518,8.005247391164577,1.4069430705900987,Positive,True,Great work on model implementation!
MOT0156,STU069,GRP008,Skill Improvement Note,2025-08-12 00:04:15.551882,3.9555256473256666,8.230489665729964,2.225937556795061,Positive,True,Great work on team collaboration!
MOT0157,STU044,GRP011,Achievement Badge,2025-08-22 18:04:15.551888,8.224215591242794,8.601999875527392,0.3964115379236768,Negative,True,Great work on model implementation!
MOT0158,STU074,GRP016,Goal Achievement,2025-08-20 06:04:15.551894,6.969685125789487,8.601101952571929,-0.13555486807112116,Positive,False,Great work on data analysis!
MOT0159,STU022,GRP004,Skill Improvement Note,2025-08-18 21:04:15.551899,4.818080612777322,8.86578878609213,2.000836621337543,Negative,True,Great work on model implementation!
MOT0160,STU005,GRP014,Achievement Badge,2025-08-20 22:04:15.551905,4.177125449567912,8.754025751123006,1.3762427193228943,Very Positive,True,Great work on documentation!
MOT0161,STU055,GRP012,Progress Celebration,2025-08-15 22:04:15.551910,7.671513431910727,7.03857441187927,1.8161467971847216,Positive,True,Great work on data analysis!
MOT0162,STU044,GRP011,Team Contribution Highlight,2025-08-11 12:04:15.551916,7.765743161728437,7.378398077453146,1.314202036938629,Very Positive,False,Great work on data analysis!
MOT0163,STU010,GRP012,Skill Improvement Note,2025-08-15 18:04:15.551921,5.52721755574302,9.781966738423055,1.2037824485393873,Negative,True,Great work on documentation!
MOT0164,STU038,GRP016,Goal Achievement,2025-08-21 15:04:15.551927,5.116963512234227,6.9410089033502995,1.4014164809136906,Positive,True,Great work on data analysis!
MOT0165,STU020,GRP001,Team Contribution Highlight,2025-08-11 20:04:15.551933,7.6299967576673176,6.197007785819373,2.7781280023539594,Neutral,True,Great work on documentation!
MOT0166,STU049,GRP011,Skill Improvement Note,2025-08-20 17:04:15.551938,6.9630129410834245,8.359747167563295,1.222248364941251,Neutral,False,Great work on data analysis!
MOT0167,STU030,GRP010,Skill Improvement Note,2025-08-17 05:04:15.551944,6.528888451026688,7.622060234487116,2.1142367752287683,Very Positive,True,Great work on documentation!
MOT0168,STU037,GRP011,Skill Improvement Note,2025-08-17 16:04:15.551950,6.488107118819944,8.720460262191251,0.9529219813179423,Positive,False,Great work on data analysis!
MOT0169,STU027,GRP014,Team Contribution Highlight,2025-08-18 13:04:15.551956,6.793460792468474,6.835295586912695,2.27322258603963,Neutral,True,Great work on team collaboration!
MOT0170,STU022,GRP004,Peer Recognition,2025-08-18 15:04:15.551961,5.249379138921326,7.410024666886408,1.0480316700362042,Negative,True,Great work on model implementation!
MOT0171,STU037,GRP009,Team Contribution Highlight,2025-08-22 05:04:15.551967,5.969072918489347,8.666994923331524,1.0466737882106851,Positive,True,Great work on model implementation!
MOT0172,STU013,GRP007,Team Contribution Highlight,2025-08-13 15:04:15.551972,8.59088679581161,6.817829896643798,1.4355019759541656,Positive,True,Great work on data analysis!
MOT0173,STU070,GRP018,Progress Celebration,2025-08-24 08:04:15.551978,5.3363210160311,8.30516733903776,1.287240218418584,Negative,False,Great work on data analysis!
MOT0174,STU048,GRP007,Peer Recognition,2025-08-12 07:04:15.551983,6.267406932952282,9.226169959804228,0.7765265031559173,Negative,True,Great work on model implementation!
MOT0175,STU059,GRP010,Achievement Badge,2025-08-21 22:04:15.551989,7.379772736427,6.877248104790249,1.390148160128299,Negative,False,Great work on documentation!
MOT0176,STU034,GRP003,Progress Celebration,2025-08-18 13:04:15.551995,4.706637007664832,7.0049794244319115,1.234285563541708,Very Positive,False,Great work on data analysis!
MOT0177,STU029,GRP003,Peer Recognition,2025-08-21 03:04:15.552001,9.221973750984617,7.920964644551729,2.623734652693365,Neutral,True,Great work on data analysis!
MOT0178,STU041,GRP002,Skill Improvement Note,2025-08-22 08:04:15.552006,6.830484937536377,7.335498906630073,2.531485218080555,Neutral,True,Great work on data analysis!
MOT0179,STU002,GRP008,Progress Celebration,2025-08-11 23:04:15.552012,7.155526433110128,7.028734087340744,1.676457167520238,Negative,False,Great work on model implementation!
MOT0180,STU026,GRP009,Skill Improvement Note,2025-08-21 06:04:15.552018,6.0611078751385845,5.4131589645944445,2.048778527412494,Negative,False,Great work on documentation!
MOT0181,STU037,GRP005,Progress Celebration,2025-08-10 22:04:15.552024,8.142401083462893,10.00553043599073,1.6377149537562101,Very Positive,False,Great work on model implementation!
MOT0182,STU001,GRP014,Achievement Badge,2025-08-14 00:04:15.552029,6.126914863876201,8.801987312854303,1.9798562922551253,Positive,True,Great work on data analysis!
MOT0183,STU054,GRP009,Team Contribution Highlight,2025-08-16 09:04:15.552035,8.957421774704633,7.746446852320269,1.1675368219459246,Positive,True,Great work on documentation!
MOT0184,STU068,GRP006,Peer Recognition,2025-08-19 13:04:15.552040,5.426683370362209,8.444954504070243,0.06139066541533178,Neutral,True,Great work on documentation!
MOT0185,STU051,GRP020,Peer Recognition,2025-08-12 21:04:15.552046,7.664131059293847,8.505402146238946,1.7680561619666977,Negative,True,Great work on model implementation!
MOT0186,STU015,GRP010,Skill Improvement Note,2025-08-14 23:04:15.552052,6.707337854752761,9.639573897037302,1.9975947723414906,Neutral,True,Great work on documentation!
MOT0187,STU015,GRP006,Skill Improvement Note,2025-08-17 16:04:15.552057,5.589384212936451,7.092985140362824,0.5962609492682905,Very Positive,True,Great work on documentation!
MOT0188,STU017,GRP016,Skill Improvement Note,2025-08-11 16:04:15.552063,7.326924999163381,6.5998332945120515,2.166713714866682,Negative,True,Great work on data analysis!
MOT0189,STU038,GRP009,Team Contribution Highlight,2025-08-19 21:04:15.552068,8.484459962518315,6.745180477259458,1.151561172325717,Negative,True,Great work on team collaboration!
MOT0190,STU034,GRP011,Skill Improvement Note,2025-08-16 03:04:15.552074,6.524931472043621,8.860779792563601,2.5874747004879017,Negative,True,Great work on team collaboration!
MOT0191,STU007,GRP009,Skill Improvement Note,2025-08-19 19:04:15.552079,3.971761410697134,7.41818313896798,1.0871866435517226,Neutral,True,Great work on data analysis!
MOT0192,STU040,GRP015,Skill Improvement Note,2025-08-19 18:04:15.552085,4.398995217670178,7.217867976835126,1.642215155480489,Positive,True,Great work on data analysis!
MOT0193,STU079,GRP020,Peer Recognition,2025-08-21 17:04:15.552090,6.081981645740664,5.946454597671104,3.5992661584079313,Very Positive,False,Great work on data analysis!
MOT0194,STU049,GRP003,Goal Achievement,2025-08-17 09:04:15.552096,6.899266797806271,7.93403295612801,0.42165890954636287,Neutral,True,Great work on data analysis!
MOT0195,STU007,GRP017,Progress Celebration,2025-08-16 18:04:15.552102,6.891059242956913,7.6029434591502065,-0.210818730172325,Positive,False,Great work on documentation!
MOT0196,STU030,GRP010,Progress Celebration,2025-08-16 12:04:15.552107,4.894616839978376,8.753911221208734,2.8552141200003534,Neutral,True,Great work on model implementation!
MOT0197,STU002,GRP002,Achievement Badge,2025-08-13 06:04:15.552113,7.050748107564567,9.123699933952041,1.175395753133432,Very Positive,True,Great work on documentation!
MOT0198,STU006,GRP006,Peer Recognition,2025-08-18 01:04:15.552118,6.370180758979096,9.109174833143358,2.6302218313435755,Very Positive,True,Great work on model implementation!
MOT0199,STU005,GRP009,Goal Achievement,2025-08-21 20:04:15.552124,8.451645040198432,6.520364309538217,1.2464328877478035,Negative,True,Great work on model implementation!
MOT0200,STU035,GRP003,Achievement Badge,2025-08-22 22:04:15.552130,6.916287026714443,7.488386443790965,1.6102860347324768,Negative,True,Great work on model implementation!
MOT0201,STU013,GRP019,Skill Improvement Note,2025-08-20 08:04:15.552136,7.730865217503421,9.003371702346168,2.6486961217772187,Neutral,True,Great work on documentation!
MOT0202,STU066,GRP001,Peer Recognition,2025-08-18 15:04:15.552141,6.005838342912748,6.163160202192823,1.5865876752115624,Negative,True,Great work on team collaboration!
MOT0203,STU074,GRP016,Skill Improvement Note,2025-08-18 06:04:15.552147,9.325716546777203,7.227628968055129,1.8494775816509756,Negative,True,Great work on documentation!
MOT0204,STU072,GRP009,Skill Improvement Note,2025-08-18 10:04:15.552153,7.543618688708964,8.02973045681353,1.3055397768349715,Positive,True,Great work on documentation!
MOT0205,STU051,GRP012,Team Contribution Highlight,2025-08-22 04:04:15.552160,5.114856191417911,5.062005513095308,0.41051943466877694,Negative,True,Great work on data analysis!
MOT0206,STU051,GRP008,Skill Improvement Note,2025-08-16 14:04:15.552166,5.914543776332451,9.116907224907248,1.2174975501188996,Negative,True,Great work on team collaboration!
MOT0207,STU043,GRP005,Goal Achievement,2025-08-22 17:04:15.552172,5.721461421622777,6.730817469655883,1.8254446628075844,Very Positive,True,Great work on model implementation!
MOT0208,STU063,GRP019,Progress Celebration,2025-08-22 17:04:15.552178,8.537535749645908,9.07612286624095,1.7849197598067754,Positive,True,Great work on documentation!
MOT0209,STU067,GRP019,Progress Celebration,2025-08-23 05:04:15.552184,4.28658088042559,7.377990908587474,2.8578433831117405,Negative,True,Great work on team collaboration!
MOT0210,STU044,GRP005,Achievement Badge,2025-08-17 15:04:15.552189,8.182925737872838,5.95499613811833,1.2555275814405829,Negative,False,Great work on team collaboration!
MOT0211,STU027,GRP018,Skill Improvement Note,2025-08-12 20:04:15.552195,7.044647648991559,6.885409844368536,-0.547363217127079,Negative,True,Great work on model implementation!
MOT0212,STU042,GRP015,Goal Achievement,2025-08-14 04:04:15.552207,6.648236067524648,6.854690090855473,0.6729266087322527,Very Positive,False,Great work on documentation!
MOT0213,STU010,GRP013,Progress Celebration,2025-08-24 05:04:15.552214,5.967979460103863,7.639588902414226,1.292733764723451,Positive,True,Great work on data analysis!
MOT0214,STU022,GRP007,Skill Improvement Note,2025-08-22 01:04:15.552219,5.174015151616998,7.535748564439107,-0.1059386963222042,Very Positive,False,Great work on documentation!
MOT0215,STU022,GRP017,Skill Improvement Note,2025-08-21 12:04:15.552225,6.966558598052117,4.372469503990612,1.0684079356531044,Negative,True,Great work on team collaboration!
MOT0216,STU016,GRP014,Peer Recognition,2025-08-18 17:04:15.552230,7.8787792305154305,6.528791175270208,1.8731441629259202,Neutral,True,Great work on team collaboration!
MOT0217,STU073,GRP006,Progress Celebration,2025-08-18 07:04:15.552236,8.233599068181338,3.8305200570031337,1.178909677139406,Positive,False,Great work on team collaboration!
MOT0218,STU067,GRP020,Peer Recognition,2025-08-14 10:04:15.552241,2.186339858557587,7.658149865314865,1.2942630312149386,Negative,True,Great work on team collaboration!
MOT0219,STU018,GRP006,Team Contribution Highlight,2025-08-14 09:04:15.552247,2.7761840211337425,10.109806034495838,1.5288126461077,Very Positive,True,Great work on model implementation!
MOT0220,STU020,GRP016,Achievement Badge,2025-08-24 09:04:15.552253,5.226464851876947,9.558455312998221,-0.13649057651385355,Neutral,True,Great work on model implementation!
MOT0221,STU013,GRP018,Skill Improvement Note,2025-08-17 10:04:15.552258,4.656243449722524,5.040653371596122,2.7408361572314672,Very Positive,True,Great work on documentation!
MOT0222,STU077,GRP006,Achievement Badge,2025-08-17 00:04:15.552264,6.998519557208005,8.591282147818195,1.5408009871347805,Positive,True,Great work on data analysis!
MOT0223,STU025,GRP009,Peer Recognition,2025-08-15 09:04:15.552270,7.360651641716877,7.893693256675187,1.5167370741659532,Neutral,True,Great work on documentation!
MOT0224,STU033,GRP018,Team Contribution Highlight,2025-08-10 19:04:15.552275,6.661405154334426,7.069689833316866,1.2627001878282647,Positive,True,Great work on model implementation!
MOT0225,STU014,GRP007,Peer Recognition,2025-08-20 16:04:15.552281,6.910391859892517,7.932658943462557,0.11778231379734638,Neutral,True,Great work on model implementation!
MOT0226,STU067,GRP019,Goal Achievement,2025-08-16 07:04:15.552286,4.482519997087386,9.099409720699668,1.0544047632932787,Neutral,True,Great work on team collaboration!
MOT0227,STU079,GRP016,Progress Celebration,2025-08-20 21:04:15.552292,7.377088020553911,6.489456108333124,0.12148329868277608,Very Positive,True,Great work on model implementation!
MOT0228,STU012,GRP020,Progress Celebration,2025-08-21 10:04:15.552297,5.234605081202431,7.532921915074304,0.7678877605724702,Positive,True,Great work on data analysis!
MOT0229,STU042,GRP003,Achievement Badge,2025-08-21 13:04:15.552303,8.440900284658571,8.015427961844953,2.779150894849487,Negative,True,Great work on documentation!
MOT0230,STU042,GRP010,Team Contribution Highlight,2025-08-21 23:04:15.552308,7.106612231107126,4.904939018496227,2.1448332851668437,Positive,True,Great work on documentation!
MOT0231,STU050,GRP016,Peer Recognition,2025-08-17 20:04:15.552314,4.235672566295068,8.076640400653607,0.6802527538689241,Neutral,True,Great work on model implementation!
MOT0232,STU022,GRP009,Goal Achievement,2025-08-21 10:04:15.552320,9.71406655169628,9.527517512916162,0.7065434866385935,Negative,True,Great work on documentation!
MOT0233,STU033,GRP004,Team Contribution Highlight,2025-08-15 05:04:15.552325,6.308963497818333,8.09351768357906,1.9907312572492883,Neutral,True,Great work on team collaboration!
MOT0234,STU060,GRP012,Goal Achievement,2025-08-15 10:04:15.552331,6.543727868487519,6.57012612074296,0.7259530886399577,Positive,True,Great work on model implementation!
MOT0235,STU049,GRP012,Progress Celebration,2025-08-24 06:04:15.552337,6.493277305434813,9.281348374517629,1.6422702884288352,Positive,True,Great work on model implementation!
MOT0236,STU001,GRP019,Peer Recognition,2025-08-17 11:04:15.552343,5.339877610077476,8.578047333251748,0.9904121288974721,Very Positive,False,Great work on team collaboration!
MOT0237,STU065,GRP001,Team Contribution Highlight,2025-08-18 16:04:15.552348,7.835612007780262,10.832412501994327,1.0129389032451603,Very Positive,True,Great work on documentation!
MOT0238,STU051,GRP002,Goal Achievement,2025-08-19 02:04:15.552354,7.702407739589557,6.905528001554724,1.210188986246962,Neutral,True,Great work on data analysis!
MOT0239,STU061,GRP020,Goal Achievement,2025-08-14 19:04:15.552360,6.544343430308152,7.567579607946743,3.270410951020019,Negative,True,Great work on data analysis!
MOT0240,STU005,GRP012,Achievement Badge,2025-08-11 10:04:15.552365,6.040110387982426,8.504221846541842,-0.2440694954587459,Positive,True,Great work on model implementation!
MOT0241,STU017,GRP003,Skill Improvement Note,2025-08-21 22:04:15.552371,7.1479948450544155,9.170465510822696,0.8779221259367593,Very Positive,True,Great work on data analysis!
MOT0242,STU041,GRP004,Team Contribution Highlight,2025-08-18 13:04:15.552376,2.7346667884393807,7.753617877407209,1.3137470803084226,Positive,True,Great work on data analysis!
MOT0243,STU043,GRP011,Goal Achievement,2025-08-20 21:04:15.552382,7.586112576116456,10.21308364249612,0.9959570795197545,Neutral,True,Great work on documentation!
MOT0244,STU054,GRP002,Achievement Badge,2025-08-20 09:04:15.552387,5.21556781450958,6.399698638354268,1.4584628936252795,Positive,True,Great work on data analysis!
MOT0245,STU023,GRP015,Achievement Badge,2025-08-18 14:04:15.552393,7.219031388227753,7.145213526764898,1.9229461965806318,Positive,True,Great work on documentation!
MOT0246,STU023,GRP001,Peer Recognition,2025-08-18 15:04:15.552403,7.198076115228764,7.851878027573869,0.5780682234046997,Neutral,True,Great work on documentation!
MOT0247,STU073,GRP003,Team Contribution Highlight,2025-08-14 14:04:15.552409,5.777203526772915,4.884293642780946,1.488629651358427,Very Positive,True,Great work on data analysis!
MOT0248,STU024,GRP003,Progress Celebration,2025-08-17 17:04:15.552414,6.539511933121153,8.026174789307383,1.7034552124516482,Very Positive,True,Great work on data analysis!
MOT0249,STU028,GRP012,Skill Improvement Note,2025-08-22 18:04:15.552420,7.078732229648335,7.667540183224758,1.3389344345302021,Positive,True,Great work on model implementation!
MOT0250,STU017,GRP010,Achievement Badge,2025-08-16 09:04:15.552426,4.393525374955746,7.099535225172689,1.340376842946769,Neutral,True,Great work on model implementation!
MOT0251,STU073,GRP011,Skill Improvement Note,2025-08-19 16:04:15.552431,5.396219636131459,8.832180955047056,0.7730943352359757,Positive,True,Great work on model implementation!
MOT0252,STU023,GRP010,Peer Recognition,2025-08-15 02:04:15.552437,6.824458116872474,7.939878788178403,1.8970220748883277,Neutral,True,Great work on team collaboration!
MOT0253,STU075,GRP012,Peer Recognition,2025-08-10 19:04:15.552442,7.851186761042453,8.632839133161527,-0.38480496110650697,Negative,False,Great work on model implementation!
MOT0254,STU005,GRP019,Skill Improvement Note,2025-08-21 04:04:15.552448,8.291222222019691,9.632769869033517,0.9143005725428245,Positive,False,Great work on documentation!
MOT0255,STU045,GRP010,Progress Celebration,2025-08-17 04:04:15.552454,6.8549703690092745,6.731001983843061,-0.258702805385721,Neutral,True,Great work on model implementation!
MOT0256,STU034,GRP007,Skill Improvement Note,2025-08-18 22:04:15.552460,5.39192710168642,7.151833152643667,1.0161194149185477,Very Positive,False,Great work on model implementation!
MOT0257,STU061,GRP005,Skill Improvement Note,2025-08-11 23:04:15.552465,5.061628864991018,6.919889799819313,1.291194942697274,Neutral,True,Great work on documentation!
MOT0258,STU076,GRP002,Peer Recognition,2025-08-22 06:04:15.552471,5.344659525334787,8.452229199060033,1.8453285211179518,Neutral,False,Great work on data analysis!
MOT0259,STU021,GRP014,Skill Improvement Note,2025-08-17 08:04:15.552477,10.070581619246735,9.150815918548155,1.4944824466627316,Neutral,True,Great work on data analysis!
MOT0260,STU024,GRP012,Peer Recognition,2025-08-21 00:04:15.552483,5.569603554998482,8.152496822008798,1.561276767933085,Negative,True,Great work on data analysis!
MOT0261,STU057,GRP020,Skill Improvement Note,2025-08-11 20:04:15.552488,5.730030366491508,8.740477676103453,0.18152158825449982,Negative,True,Great work on documentation!
MOT0262,STU032,GRP009,Goal Achievement,2025-08-16 12:04:15.552494,6.133400246693734,8.467030151180888,1.0699326819263224,Neutral,True,Great work on documentation!
MOT0263,STU039,GRP002,Progress Celebration,2025-08-13 16:04:15.552499,6.189868394856093,7.634656966569263,0.6315190074498036,Very Positive,True,Great work on team collaboration!
MOT0264,STU074,GRP013,Team Contribution Highlight,2025-08-23 21:04:15.552505,8.260851397361312,6.578354793692622,1.5545274619279081,Positive,True,Great work on team collaboration!
MOT0265,STU077,GRP017,Progress Celebration,2025-08-12 09:04:15.552511,7.12047184742356,6.66165371854924,1.3584834035045947,Positive,True,Great work on team collaboration!
MOT0266,STU007,GRP003,Peer Recognition,2025-08-21 11:04:15.552516,5.1355517408829465,9.469250970067135,0.38897365041902954,Neutral,True,Great work on model implementation!
MOT0267,STU059,GRP001,Goal Achievement,2025-08-21 08:04:15.552522,5.519154358652053,6.330929989973303,0.2138410185059585,Positive,False,Great work on team collaboration!
MOT0268,STU040,GRP003,Progress Celebration,2025-08-19 11:04:15.552527,8.88682293632344,8.451329608695074,1.4122347405604352,Positive,True,Great work on model implementation!
MOT0269,STU020,GRP018,Peer Recognition,2025-08-24 09:04:15.552533,5.515134554979618,8.88913417325612,0.6406220485060377,Negative,True,Great work on data analysis!
MOT0270,STU061,GRP018,Goal Achievement,2025-08-16 02:04:15.552539,7.690458941495154,6.752986468073236,0.7843938384994625,Positive,False,Great work on documentation!
MOT0271,STU060,GRP008,Achievement Badge,2025-08-16 05:04:15.552544,7.637423579176882,8.83659281298692,1.777978347117409,Positive,True,Great work on model implementation!
MOT0272,STU052,GRP011,Peer Recognition,2025-08-15 10:04:15.552550,4.925488826364807,7.263927761132606,1.4255189929588108,Negative,True,Great work on team collaboration!
MOT0273,STU063,GRP019,Achievement Badge,2025-08-19 18:04:15.552556,5.226078557134862,9.445155312155151,-0.6215575551604366,Positive,True,Great work on team collaboration!
MOT0274,STU047,GRP011,Team Contribution Highlight,2025-08-24 11:04:15.552561,5.331890726946271,7.188520196556202,-0.9751549318174144,Negative,False,Great work on model implementation!
MOT0275,STU018,GRP016,Progress Celebration,2025-08-23 13:04:15.552567,4.405656304645714,8.550347415050481,1.324226909242371,Positive,True,Great work on data analysis!
MOT0276,STU044,GRP013,Goal Achievement,2025-08-20 15:04:15.552572,8.859704033064354,9.654271735061783,1.6464371028831575,Negative,True,Great work on team collaboration!
MOT0277,STU050,GRP016,Achievement Badge,2025-08-18 22:04:15.552578,6.969857373501068,7.87911733029468,-0.8240656143035923,Negative,True,Great work on documentation!
MOT0278,STU067,GRP004,Skill Improvement Note,2025-08-22 17:04:15.552583,4.408160730010887,7.920810603718721,1.7928205669981372,Neutral,True,Great work on data analysis!
MOT0279,STU052,GRP001,Progress Celebration,2025-08-17 16:04:15.552589,6.9345047182072115,6.729042038741211,2.049925025975597,Positive,True,Great work on documentation!
MOT0280,STU059,GRP001,Skill Improvement Note,2025-08-10 13:04:15.552595,8.723666043131955,8.925587520349607,2.0916794636723766,Negative,True,Great work on data analysis!
MOT0281,STU039,GRP014,Peer Recognition,2025-08-10 23:04:15.552600,5.661161303067184,9.09112094724096,1.4166069114621258,Very Positive,True,Great work on documentation!
MOT0282,STU065,GRP012,Skill Improvement Note,2025-08-17 08:04:15.552606,7.267333292783007,8.238518211389652,1.2028103156476713,Neutral,True,Great work on model implementation!
MOT0283,STU055,GRP018,Skill Improvement Note,2025-08-22 19:04:15.552611,5.209996287316548,7.701436003735144,2.0894092939862583,Positive,True,Great work on team collaboration!
MOT0284,STU026,GRP017,Team Contribution Highlight,2025-08-14 19:04:15.552617,5.837786292030636,8.872016715129774,1.8896565364941376,Negative,True,Great work on team collaboration!
MOT0285,STU006,GRP004,Skill Improvement Note,2025-08-14 16:04:15.552623,6.051593904470255,9.466560124343491,1.0155626630474353,Neutral,True,Great work on team collaboration!
MOT0286,STU033,GRP014,Peer Recognition,2025-08-18 04:04:15.552628,8.764320293918948,8.320952377849167,1.2873072652371893,Very Positive,True,Great work on model implementation!
MOT0287,STU038,GRP012,Skill Improvement Note,2025-08-24 03:04:15.552634,5.168297929493519,7.69408772383795,1.1369923892044638,Negative,True,Great work on data analysis!
MOT0288,STU077,GRP004,Peer Recognition,2025-08-23 17:04:15.552639,4.612555422123641,7.538861492738799,0.6569574559223315,Negative,True,Great work on data analysis!
MOT0289,STU069,GRP004,Progress Celebration,2025-08-21 09:04:15.552645,7.378987653468172,9.367536570873844,0.31846745896380746,Negative,True,Great work on team collaboration!
MOT0290,STU045,GRP015,Goal Achievement,2025-08-11 07:04:15.552650,9.068461592550385,7.645738758737844,0.5199828920491887,Positive,False,Great work on documentation!
MOT0291,STU006,GRP003,Peer Recognition,2025-08-16 13:04:15.552656,7.636632170312275,7.264254626093942,1.2346106591748047,Very Positive,True,Great work on data analysis!
MOT0292,STU049,GRP017,Goal Achievement,2025-08-22 19:04:15.552662,5.8935826336818815,6.81991448176212,1.879197625921523,Neutral,False,Great work on team collaboration!
MOT0293,STU055,GRP013,Achievement Badge,2025-08-20 13:04:15.552667,6.070547895658719,6.076017849384905,1.7408480993727462,Neutral,True,Great work on data analysis!
MOT0294,STU056,GRP004,Progress Celebration,2025-08-12 07:04:15.552673,4.691626473464368,6.416087792789689,2.254084963981853,Neutral,False,Great work on model implementation!
MOT0295,STU007,GRP012,Team Contribution Highlight,2025-08-14 09:04:15.552678,4.705490151184682,5.020266171687011,1.7982891879691967,Positive,True,Great work on documentation!
MOT0296,STU036,GRP006,Peer Recognition,2025-08-13 19:04:15.552684,6.044204855778305,7.5388138546342605,1.04839968531984,Very Positive,True,Great work on model implementation!
MOT0297,STU037,GRP009,Achievement Badge,2025-08-15 19:04:15.552690,6.84750490852809,6.896736909716318,2.4808918996526117,Positive,True,Great work on documentation!
MOT0298,STU017,GRP009,Peer Recognition,2025-08-14 15:04:15.552695,4.285654279535903,8.333849900012547,1.813696803101267,Neutral,True,Great work on model implementation!
MOT0299,STU003,GRP011,Progress Celebration,2025-08-23 03:04:15.552701,5.360522358749933,6.571518665666618,2.113739371336125,Neutral,True,Great work on documentation!
MOT0300,STU076,GRP014,Goal Achievement,2025-08-11 19:04:15.552706,5.013708868974928,7.0720032710993195,2.009847169967797,Neutral,True,Great work on documentation!
MOT0301,STU072,GRP001,Peer Recognition,2025-08-17 05:04:15.552712,6.5521118503085365,5.643427598845074,2.6976473156428113,Neutral,True,Great work on documentation!
MOT0302,STU020,GRP015,Goal Achievement,2025-08-13 20:04:15.552717,5.704983861830051,7.3166912521122995,1.5046274018610923,Positive,True,Great work on model implementation!
MOT0303,STU050,GRP009,Skill Improvement Note,2025-08-23 19:04:15.552723,7.437615195506109,10.15332514954976,-0.028054519524557175,Very Positive,True,Great work on team collaboration!
MOT0304,STU011,GRP007,Goal Achievement,2025-08-13 04:04:15.552728,7.738928313388919,8.691611632860091,1.1902680713007068,Neutral,True,Great work on team collaboration!
MOT0305,STU058,GRP015,Achievement Badge,2025-08-21 04:04:15.552734,7.680910542224334,8.921128821163856,0.19442977201039646,Positive,True,Great work on documentation!
MOT0306,STU054,GRP001,Peer Recognition,2025-08-12 15:04:15.552739,9.124649758821246,5.92948529623423,0.3917469750089815,Negative,False,Great work on documentation!
MOT0307,STU069,GRP005,Skill Improvement Note,2025-08-11 13:04:15.552745,6.1073184895638555,10.109928615824467,1.0533946961972909,Very Positive,True,Great work on model implementation!
MOT0308,STU028,GRP004,Team Contribution Highlight,2025-08-18 07:04:15.552750,6.452099164923784,9.518494324685475,1.0597454859476219,Positive,False,Great work on documentation!
MOT0309,STU071,GRP014,Peer Recognition,2025-08-19 20:04:15.552756,4.732344930603986,7.2993181977140225,2.396633467044622,Negative,False,Great work on team collaboration!
MOT0310,STU041,GRP012,Goal Achievement,2025-08-22 05:04:15.552762,6.606297495582704,10.116789910867512,1.8903479410097241,Neutral,True,Great work on documentation!
MOT0311,STU029,GRP013,Skill Improvement Note,2025-08-14 14:04:15.552768,5.532786595409775,7.861291565358094,0.6174255054864963,Neutral,False,Great work on documentation!
MOT0312,STU021,GRP006,Skill Improvement Note,2025-08-18 08:04:15.552774,5.497350454026845,13.174901101230908,2.1148996080270486,Very Positive,True,Great work on team collaboration!
MOT0313,STU060,GRP006,Goal Achievement,2025-08-22 09:04:15.552779,7.7916469835100095,7.0521836216303235,2.555667253024863,Negative,True,Great work on documentation!
MOT0314,STU054,GRP014,Progress Celebration,2025-08-10 22:04:15.552785,8.149123402689405,10.057945547229325,2.766491318718759,Very Positive,True,Great work on model implementation!
MOT0315,STU079,GRP020,Team Contribution Highlight,2025-08-22 18:04:15.552791,4.2813660678537175,6.468192612876111,0.49696974762909085,Negative,False,Great work on team collaboration!
MOT0316,STU079,GRP008,Progress Celebration,2025-08-12 08:04:15.552797,5.084089035001345,8.18814283711247,0.846557238323346,Negative,True,Great work on team collaboration!
MOT0317,STU003,GRP020,Goal Achievement,2025-08-16 04:04:15.552803,9.608897811143777,10.085615858497965,1.2948307247367683,Positive,False,Great work on model implementation!
MOT0318,STU059,GRP012,Goal Achievement,2025-08-19 09:04:15.552808,9.432989324224685,9.585761552688242,0.939434752658193,Positive,True,Great work on model implementation!
MOT0319,STU042,GRP005,Peer Recognition,2025-08-23 02:04:15.552814,3.4861769839616574,7.5384379380471245,0.7843022951372216,Very Positive,True,Great work on documentation!
MOT0320,STU059,GRP008,Goal Achievement,2025-08-11 15:04:15.552819,6.809758437718745,7.9070739442496984,1.3504141271193828,Negative,False,Great work on model implementation!
MOT0321,STU060,GRP017,Goal Achievement,2025-08-22 03:04:15.552825,7.285527112068747,6.3449736634995855,1.6290882220557663,Neutral,False,Great work on model implementation!
MOT0322,STU032,GRP015,Goal Achievement,2025-08-23 00:04:15.552830,5.840575770474491,8.039978639836423,2.065927876185752,Very Positive,True,Great work on documentation!
MOT0323,STU067,GRP016,Skill Improvement Note,2025-08-22 23:04:15.552836,4.663400340168455,7.462447616796516,1.2051726127769087,Negative,False,Great work on data analysis!
MOT0324,STU078,GRP018,Goal Achievement,2025-08-23 23:04:15.552842,5.728596542644039,8.87979539535955,0.7236893129596228,Negative,True,Great work on data analysis!
MOT0325,STU038,GRP013,Goal Achievement,2025-08-23 15:04:15.552848,5.666899400836492,6.948097040457522,2.1736443291510414,Neutral,True,Great work on documentation!
MOT0326,STU055,GRP004,Achievement Badge,2025-08-21 09:04:15.552854,5.761333831381675,8.352054469060267,2.880564080984059,Neutral,True,Great work on data analysis!
MOT0327,STU022,GRP012,Skill Improvement Note,2025-08-10 11:04:15.552859,6.387772369474122,9.13447281603979,2.6370832672745026,Neutral,True,Great work on model implementation!
MOT0328,STU062,GRP007,Peer Recognition,2025-08-22 10:04:15.552865,8.040787340060621,7.779838420826711,1.8136862071988908,Neutral,True,Great work on data analysis!
MOT0329,STU059,GRP016,Progress Celebration,2025-08-18 22:04:15.552871,4.568932110296982,6.863948210220057,0.8162598546944648,Neutral,True,Great work on documentation!
MOT0330,STU043,GRP015,Goal Achievement,2025-08-18 23:04:15.552876,9.860918180261423,6.824898582893679,0.6380185989905363,Neutral,True,Great work on model implementation!
MOT0331,STU019,GRP017,Peer Recognition,2025-08-23 22:04:15.552882,4.934118529626525,8.471774114316913,1.4140971141351062,Positive,False,Great work on team collaboration!
MOT0332,STU038,GRP010,Goal Achievement,2025-08-21 02:04:15.552887,8.130138465539847,8.605511599292825,0.19568812262074609,Neutral,True,Great work on documentation!
MOT0333,STU038,GRP005,Goal Achievement,2025-08-21 18:04:15.552893,5.289083344984444,9.438394497930986,1.137361404338556,Positive,True,Great work on documentation!
MOT0334,STU033,GRP008,Achievement Badge,2025-08-19 23:04:15.552898,8.281387727027019,7.62038286250162,0.5258748573691829,Neutral,True,Great work on data analysis!
MOT0335,STU034,GRP012,Goal Achievement,2025-08-13 15:04:15.552904,6.045108833499941,6.638340245340364,0.847557790078061,Negative,True,Great work on model implementation!
MOT0336,STU045,GRP005,Team Contribution Highlight,2025-08-13 19:04:15.552910,6.801388559847869,8.413926108442825,0.02784694139656141,Neutral,True,Great work on documentation!
MOT0337,STU063,GRP006,Team Contribution Highlight,2025-08-14 05:04:15.552915,6.473947988736353,7.096061117328297,0.78126815283295,Positive,True,Great work on documentation!
MOT0338,STU002,GRP003,Peer Recognition,2025-08-19 16:04:15.552921,6.699026928699615,7.1394577527729455,2.4057103958773394,Neutral,True,Great work on model implementation!
MOT0339,STU036,GRP020,Goal Achievement,2025-08-21 22:04:15.552926,8.28209281437659,9.218193952730447,0.9040718436077586,Positive,True,Great work on documentation!
MOT0340,STU073,GRP001,Goal Achievement,2025-08-13 07:04:15.552932,5.056251747621016,7.898435915265739,1.1797213069709862,Positive,True,Great work on team collaboration!
MOT0341,STU005,GRP013,Goal Achievement,2025-08-22 09:04:15.552938,5.586765256364953,6.389118663999646,1.266785624585543,Neutral,True,Great work on team collaboration!
MOT0342,STU071,GRP018,Goal Achievement,2025-08-13 00:04:15.552943,5.89389582462129,8.626016444445623,1.8320848412171835,Very Positive,False,Great work on data analysis!
MOT0343,STU058,GRP019,Team Contribution Highlight,2025-08-19 05:04:15.552948,8.151199708134076,6.288845337743954,1.6208466461549063,Positive,True,Great work on model implementation!
MOT0344,STU032,GRP008,Goal Achievement,2025-08-14 18:04:15.552954,5.4088014406494915,6.335502947026698,0.957118210441032,Positive,True,Great work on team collaboration!
MOT0345,STU071,GRP009,Achievement Badge,2025-08-20 10:04:15.552960,8.103057470201927,7.353217975715419,2.5523637279672897,Very Positive,False,Great work on model implementation!
MOT0346,STU067,GRP010,Achievement Badge,2025-08-20 01:04:15.552965,7.3233177732805,7.3270914252233075,2.228038743125127,Positive,True,Great work on documentation!
MOT0347,STU060,GRP004,Team Contribution Highlight,2025-08-23 09:04:15.552971,7.168095158171429,6.680928733863953,2.787042108464412,Neutral,True,Great work on data analysis!
MOT0348,STU026,GRP016,Achievement Badge,2025-08-15 01:04:15.552976,6.889218234629714,7.82255543038259,0.6155738640755073,Very Positive,True,Great work on data analysis!
MOT0349,STU070,GRP019,Progress Celebration,2025-08-11 17:04:15.552981,8.269307401411607,8.420730512833568,1.8033905442361928,Negative,True,Great work on data analysis!
MOT0350,STU075,GRP014,Achievement Badge,2025-08-15 01:04:15.552987,5.738702984711347,8.800920686292082,2.0294508748566416,Positive,True,Great work on documentation!
MOT0351,STU001,GRP009,Skill Improvement Note,2025-08-11 16:04:15.552993,5.496832641828316,6.099611832382811,1.7650984474711393,Neutral,True,Great work on model implementation!
MOT0352,STU043,GRP017,Skill Improvement Note,2025-08-13 12:04:15.552998,4.13997957559139,7.982418933405335,0.9422039161701543,Neutral,False,Great work on team collaboration!
MOT0353,STU034,GRP018,Progress Celebration,2025-08-17 05:04:15.553003,8.327997816183382,7.328587331079351,2.1858183776030433,Neutral,True,Great work on team collaboration!
MOT0354,STU057,GRP004,Progress Celebration,2025-08-14 02:04:15.553009,5.728685833455461,8.999989206071533,2.9482732350694656,Very Positive,True,Great work on documentation!
MOT0355,STU064,GRP006,Progress Celebration,2025-08-23 02:04:15.553015,4.897929292450639,8.15044286607709,3.4990259327280517,Negative,True,Great work on data analysis!
MOT0356,STU057,GRP011,Goal Achievement,2025-08-13 00:04:15.553021,6.599883240354383,7.874145924275577,1.930799157880816,Positive,True,Great work on data analysis!
MOT0357,STU030,GRP007,Peer Recognition,2025-08-13 19:04:15.553026,6.561621296142131,5.751328806515337,2.205829899871151,Neutral,True,Great work on documentation!
MOT0358,STU014,GRP010,Team Contribution Highlight,2025-08-20 00:04:15.553032,3.495577379202211,7.29985001863399,2.2659405993253188,Positive,True,Great work on model implementation!
MOT0359,STU051,GRP006,Progress Celebration,2025-08-11 11:04:15.553037,5.9651863570358215,6.967564209042715,2.0034111241332484,Positive,True,Great work on documentation!
MOT0360,STU077,GRP014,Goal Achievement,2025-08-18 18:04:15.553043,5.22332781974842,6.333329136489655,1.5196111899946267,Positive,False,Great work on documentation!
MOT0361,STU039,GRP012,Progress Celebration,2025-08-17 23:04:15.553049,6.225615052381114,6.307592262973389,1.809562031995896,Neutral,True,Great work on team collaboration!
MOT0362,STU058,GRP010,Skill Improvement Note,2025-08-12 11:04:15.553054,7.196731408365851,7.368293980073242,1.0669343951000427,Negative,True,Great work on data analysis!
MOT0363,STU052,GRP002,Skill Improvement Note,2025-08-16 22:04:15.553059,7.205589113013735,9.228433703702478,1.0737654319125403,Positive,False,Great work on team collaboration!
MOT0364,STU003,GRP007,Progress Celebration,2025-08-19 00:04:15.553065,7.482032739512217,8.478240260501519,2.0034458341671812,Neutral,False,Great work on data analysis!
MOT0365,STU042,GRP014,Skill Improvement Note,2025-08-17 13:04:15.553071,6.558963798115198,6.705209383120371,0.9300006774400246,Positive,True,Great work on documentation!
MOT0366,STU036,GRP004,Achievement Badge,2025-08-19 07:04:15.553076,7.014280198672472,9.982157254057912,0.9127843014429773,Positive,True,Great work on documentation!
MOT0367,STU076,GRP016,Achievement Badge,2025-08-16 04:04:15.553082,7.707181165291098,7.406332259187888,1.3883750047089087,Negative,True,Great work on documentation!
MOT0368,STU008,GRP004,Achievement Badge,2025-08-10 20:04:15.553088,8.773095123895388,8.71715109770452,0.3069605818072345,Neutral,True,Great work on team collaboration!
MOT0369,STU057,GRP010,Achievement Badge,2025-08-14 10:04:15.553094,5.641287464282613,9.30746561332963,1.4135024341027962,Positive,False,Great work on data analysis!
MOT0370,STU042,GRP014,Progress Celebration,2025-08-21 06:04:15.553099,4.776739820576205,6.817257066031535,1.8627948181689375,Neutral,True,Great work on data analysis!
MOT0371,STU057,GRP008,Peer Recognition,2025-08-12 06:04:15.553105,7.991615421826445,7.8214263617786095,3.280251040748882,Neutral,True,Great work on team collaboration!
MOT0372,STU003,GRP005,Achievement Badge,2025-08-17 19:04:15.553110,7.736228545183458,7.507822716440519,0.6474351615205246,Neutral,False,Great work on documentation!
MOT0373,STU028,GRP006,Peer Recognition,2025-08-14 12:04:15.553116,5.037673543041437,8.202505584576443,0.9089783640692746,Positive,True,Great work on team collaboration!
MOT0374,STU026,GRP009,Peer Recognition,2025-08-11 14:04:15.553122,9.010615630975137,9.55957416350143,1.8064532379977818,Very Positive,True,Great work on documentation!
MOT0375,STU055,GRP013,Skill Improvement Note,2025-08-23 11:04:15.553127,4.731505740564657,6.993337352937114,2.304542020592881,Very Positive,False,Great work on team collaboration!
MOT0376,STU003,GRP019,Skill Improvement Note,2025-08-23 19:04:15.553133,5.6554007003073465,9.146570080703428,1.6796831384278088,Neutral,True,Great work on documentation!
MOT0377,STU037,GRP019,Peer Recognition,2025-08-10 23:04:15.553138,6.577576827219781,6.9566006244774705,1.2246049251801987,Very Positive,True,Great work on data analysis!
MOT0378,STU072,GRP004,Team Contribution Highlight,2025-08-21 02:04:15.553144,6.784471932312347,9.039046677961347,0.5914115194929963,Very Positive,True,Great work on documentation!
MOT0379,STU079,GRP007,Achievement Badge,2025-08-15 07:04:15.553150,6.105774736210828,7.853787758318742,1.8301426861489318,Neutral,True,Great work on model implementation!
MOT0380,STU043,GRP003,Progress Celebration,2025-08-10 16:04:15.553156,5.137303493715835,6.220116248535342,1.8391721213680396,Neutral,True,Great work on documentation!
MOT0381,STU003,GRP013,Team Contribution Highlight,2025-08-18 05:04:15.553161,4.223076327579945,9.341975657714602,1.1752591220136737,Very Positive,True,Great work on documentation!
MOT0382,STU003,GRP001,Progress Celebration,2025-08-17 14:04:15.553167,4.178703376588331,7.223495736715806,1.6032989064553897,Negative,True,Great work on model implementation!
MOT0383,STU075,GRP011,Team Contribution Highlight,2025-08-14 17:04:15.553173,5.700948368667533,7.824035698589217,1.8920626925642292,Positive,True,Great work on team collaboration!
MOT0384,STU074,GRP005,Progress Celebration,2025-08-21 08:04:15.553178,6.19671449691857,6.675530788240639,1.0608128021025272,Positive,True,Great work on data analysis!
MOT0385,STU004,GRP018,Team Contribution Highlight,2025-08-23 15:04:15.553184,8.62226020468889,9.82207721439982,-0.31594093915382016,Positive,True,Great work on data analysis!
MOT0386,STU042,GRP011,Progress Celebration,2025-08-10 11:04:15.553190,8.136541863787215,8.100177259242427,2.0391861432961202,Positive,True,Great work on model implementation!
MOT0387,STU055,GRP009,Progress Celebration,2025-08-19 20:04:15.553195,5.674267609598556,5.678083788598217,1.7675910309179694,Neutral,True,Great work on documentation!
MOT0388,STU016,GRP013,Achievement Badge,2025-08-15 00:04:15.553201,5.088534108075924,6.134049082218177,0.24527889402122693,Positive,True,Great work on documentation!
MOT0389,STU057,GRP013,Progress Celebration,2025-08-20 02:04:15.553206,7.401370673623002,7.967342959235037,1.925972817499739,Negative,True,Great work on data analysis!
MOT0390,STU012,GRP006,Team Contribution Highlight,2025-08-12 03:04:15.553211,7.503612881744547,7.294879722499481,1.2436211408980355,Very Positive,True,Great work on model implementation!
MOT0391,STU016,GRP016,Goal Achievement,2025-08-11 14:04:15.553217,5.73284370682619,7.547606672561411,0.5261962096151472,Neutral,True,Great work on team collaboration!
MOT0392,STU054,GRP007,Progress Celebration,2025-08-22 13:04:15.553222,7.085726440811502,9.090144898778107,0.6467095761432107,Neutral,True,Great work on data analysis!
MOT0393,STU059,GRP001,Achievement Badge,2025-08-16 09:04:15.553228,8.421904468102014,7.93622579577353,1.4928631811246507,Negative,True,Great work on data analysis!
MOT0394,STU046,GRP012,Peer Recognition,2025-08-23 02:04:15.553234,3.9508557205887227,5.631285228521119,1.4152930902237455,Negative,False,Great work on team collaboration!
MOT0395,STU030,GRP003,Goal Achievement,2025-08-10 18:04:15.553239,7.684598186948011,6.994343467626057,2.6360751204664714,Negative,False,Great work on data analysis!
MOT0396,STU036,GRP011,Achievement Badge,2025-08-21 11:04:15.553245,7.602403961381473,6.709990497950418,1.3246789336428058,Positive,True,Great work on data analysis!
MOT0397,STU017,GRP017,Progress Celebration,2025-08-21 12:04:15.553250,10.215393700585118,6.308923196640353,1.7226159511320844,Negative,True,Great work on data analysis!
MOT0398,STU077,GRP007,Goal Achievement,2025-08-18 05:04:15.553256,6.015883170914987,8.648275549102214,2.3138189170547054,Neutral,True,Great work on model implementation!
MOT0399,STU054,GRP006,Progress Celebration,2025-08-13 10:04:15.553261,5.920644366932949,9.142694726048608,3.0769627154175687,Positive,True,Great work on model implementation!
MOT0400,STU047,GRP004,Progress Celebration,2025-08-23 20:04:15.553267,6.599412106016352,8.741866424993022,0.8276473838373801,Negative,True,Great work on documentation!
MOT0401,STU048,GRP009,Team Contribution Highlight,2025-08-17 15:04:15.553273,6.528888963546819,7.5879898887501085,1.9375487405268768,Very Positive,True,Great work on team collaboration!
MOT0402,STU004,GRP016,Achievement Badge,2025-08-21 10:04:15.553278,8.307013903635388,7.668414181059049,2.526898276586339,Negative,True,Great work on documentation!
MOT0403,STU077,GRP017,Progress Celebration,2025-08-21 03:04:15.553284,8.795071162342444,8.81622449181588,0.8871787746226174,Very Positive,True,Great work on model implementation!
MOT0404,STU012,GRP014,Achievement Badge,2025-08-22 02:04:15.553289,5.582256774890146,6.8251423743719535,2.0593328561905286,Negative,True,Great work on documentation!
MOT0405,STU069,GRP015,Progress Celebration,2025-08-11 15:04:15.553295,4.682347688765954,8.612205184933208,0.4351125217407097,Very Positive,True,Great work on documentation!
MOT0406,STU033,GRP005,Peer Recognition,2025-08-10 11:04:15.553301,7.735319179762961,7.820663499276672,2.366910849487862,Neutral,False,Great work on data analysis!
MOT0407,STU062,GRP016,Goal Achievement,2025-08-12 07:04:15.553306,8.212181867481906,9.522078494402534,2.4686549746312902,Positive,True,Great work on model implementation!
MOT0408,STU019,GRP008,Goal Achievement,2025-08-22 17:04:15.553312,6.715446250982296,6.409448320290474,0.4579815560020972,Very Positive,True,Great work on team collaboration!
MOT0409,STU079,GRP004,Progress Celebration,2025-08-19 16:04:15.553317,3.3697272060260937,6.499600999886288,1.3550589261637194,Neutral,True,Great work on team collaboration!
MOT0410,STU043,GRP015,Goal Achievement,2025-08-11 21:04:15.553323,5.6605187287622565,7.583837274708178,1.694172335569121,Neutral,True,Great work on model implementation!
MOT0411,STU042,GRP014,Peer Recognition,2025-08-21 09:04:15.553329,6.043902112901363,6.453805439504899,1.2574130659492544,Very Positive,True,Great work on documentation!
MOT0412,STU007,GRP007,Progress Celebration,2025-08-24 04:04:15.553335,5.152264269840733,7.475056203625124,2.3742215715384027,Positive,True,Great work on model implementation!
MOT0413,STU021,GRP013,Peer Recognition,2025-08-24 06:04:15.553340,6.094242043855738,9.925149064017294,2.445308789550376,Negative,True,Great work on team collaboration!
MOT0414,STU025,GRP019,Skill Improvement Note,2025-08-14 20:04:15.553346,5.631042037131436,6.466651480301069,1.2579566704638454,Positive,True,Great work on team collaboration!
MOT0415,STU070,GRP015,Achievement Badge,2025-08-18 12:04:15.553351,8.229991645095334,7.211770912525574,2.0264722386097116,Neutral,True,Great work on model implementation!
MOT0416,STU033,GRP011,Skill Improvement Note,2025-08-12 18:04:15.553357,8.312659983704133,6.871169219564873,0.7591591293691303,Negative,True,Great work on team collaboration!
MOT0417,STU067,GRP009,Achievement Badge,2025-08-16 16:04:15.553362,7.56899304819051,7.9822170595698845,0.751150778765057,Negative,True,Great work on model implementation!
MOT0418,STU013,GRP008,Skill Improvement Note,2025-08-22 03:04:15.553368,5.971729327820619,7.715376536727097,0.048116460035631414,Very Positive,True,Great work on team collaboration!
MOT0419,STU017,GRP012,Peer Recognition,2025-08-14 20:04:15.553373,7.648464659724043,7.22556937327297,-0.9269729790384791,Negative,True,Great work on data analysis!
MOT0420,STU065,GRP006,Skill Improvement Note,2025-08-13 14:04:15.553380,6.464193547535821,6.910114489327791,2.6510577538421414,Positive,True,Great work on model implementation!
MOT0421,STU003,GRP007,Goal Achievement,2025-08-16 22:04:15.553385,5.621832468620048,6.482827963705667,1.7063461359696128,Positive,True,Great work on data analysis!
MOT0422,STU069,GRP012,Team Contribution Highlight,2025-08-19 14:04:15.553391,5.509328947988625,6.864652558497321,1.7076011062595249,Positive,True,Great work on data analysis!
MOT0423,STU022,GRP020,Progress Celebration,2025-08-21 06:04:15.553397,4.93929903816565,6.051271610160656,2.68079840167547,Negative,False,Great work on team collaboration!
MOT0424,STU007,GRP013,Peer Recognition,2025-08-16 04:04:15.553403,7.369248106400967,7.482948858006762,1.2972182322384511,Negative,False,Great work on documentation!
MOT0425,STU042,GRP005,Goal Achievement,2025-08-18 02:04:15.553409,7.258796537174234,8.968004939536105,0.6952197669479905,Very Positive,True,Great work on team collaboration!
MOT0426,STU027,GRP020,Team Contribution Highlight,2025-08-23 01:04:15.553415,7.049219788948523,7.191954988547714,1.1488150043899006,Very Positive,True,Great work on model implementation!
MOT0427,STU019,GRP016,Progress Celebration,2025-08-19 07:04:15.553420,6.741039301197357,7.7919857123367935,1.8884535186420575,Negative,True,Great work on documentation!
MOT0428,STU051,GRP019,Progress Celebration,2025-08-19 04:04:15.553426,7.230629838673391,5.990196948753386,0.21374143434764625,Neutral,True,Great work on team collaboration!
MOT0429,STU018,GRP013,Achievement Badge,2025-08-12 00:04:15.553432,5.94542497286106,9.99435031493019,0.6187265339987181,Positive,True,Great work on model implementation!
MOT0430,STU036,GRP011,Achievement Badge,2025-08-10 21:04:15.553437,6.1876659355808705,7.156384767652174,0.856764492729536,Very Positive,True,Great work on data analysis!
MOT0431,STU077,GRP016,Progress Celebration,2025-08-15 03:04:15.553443,6.7673596158575835,9.480932731434782,1.6647747199044713,Neutral,False,Great work on documentation!
MOT0432,STU020,GRP003,Goal Achievement,2025-08-17 05:04:15.553448,5.2947035578593615,11.103875412963848,1.3628585767689008,Neutral,False,Great work on data analysis!
MOT0433,STU049,GRP009,Achievement Badge,2025-08-11 03:04:15.553454,5.63416856542683,9.494515649613106,0.9247435056449452,Negative,True,Great work on model implementation!
MOT0434,STU063,GRP010,Progress Celebration,2025-08-13 08:04:15.553460,8.994370482481164,6.7552286508399995,2.4440243111370954,Very Positive,True,Great work on team collaboration!
MOT0435,STU031,GRP016,Goal Achievement,2025-08-15 06:04:15.553465,6.801571496422541,9.34926267924292,2.8214125669612358,Negative,True,Great work on data analysis!
MOT0436,STU036,GRP009,Peer Recognition,2025-08-10 20:04:15.553471,4.801089064218119,9.330926184909988,0.1728768764596762,Neutral,True,Great work on team collaboration!
MOT0437,STU046,GRP003,Achievement Badge,2025-08-22 08:04:15.553477,4.929223467127658,6.835908648249076,1.702909308942289,Negative,True,Great work on documentation!
MOT0438,STU029,GRP019,Skill Improvement Note,2025-08-18 19:04:15.553482,6.5495238154022895,7.599436699004596,1.4169882232178888,Very Positive,False,Great work on documentation!
MOT0439,STU072,GRP020,Team Contribution Highlight,2025-08-16 11:04:15.553488,7.3869343839402095,8.601897748729623,2.175333468492105,Negative,True,Great work on data analysis!
MOT0440,STU076,GRP004,Team Contribution Highlight,2025-08-22 11:04:15.553494,9.230052219151158,7.774365153070227,0.883128830295267,Very Positive,False,Great work on model implementation!
MOT0441,STU047,GRP019,Goal Achievement,2025-08-11 14:04:15.553499,7.420304193777783,6.426894220482455,0.7570366943107109,Negative,False,Great work on data analysis!
MOT0442,STU045,GRP015,Skill Improvement Note,2025-08-12 06:04:15.553504,7.9990714195891846,7.651045950218755,0.3334460333135688,Very Positive,False,Great work on documentation!
MOT0443,STU004,GRP007,Team Contribution Highlight,2025-08-20 15:04:15.553510,4.265295401952239,7.858460015272569,2.213517229574408,Very Positive,True,Great work on team collaboration!
MOT0444,STU013,GRP010,Skill Improvement Note,2025-08-23 21:04:15.553516,8.19281866629678,7.933056603471405,2.907127535276903,Negative,False,Great work on team collaboration!
MOT0445,STU046,GRP012,Peer Recognition,2025-08-19 04:04:15.553522,6.342769451089306,7.633718851923107,-0.7539487277911998,Neutral,True,Great work on data analysis!
MOT0446,STU042,GRP015,Goal Achievement,2025-08-10 22:04:15.553527,5.828955576258177,8.822418041890193,2.5511690694877633,Neutral,True,Great work on model implementation!
MOT0447,STU027,GRP018,Team Contribution Highlight,2025-08-10 16:04:15.553533,5.254648049499073,8.354702795151658,2.13750322585863,Neutral,True,Great work on team collaboration!
MOT0448,STU023,GRP016,Achievement Badge,2025-08-17 09:04:15.553539,6.516812229793849,5.0600634509673235,1.4978319996594018,Neutral,True,Great work on model implementation!
MOT0449,STU041,GRP010,Achievement Badge,2025-08-22 13:04:15.553544,7.64214593609134,6.6630925259778495,1.0966763753004904,Negative,True,Great work on documentation!
MOT0450,STU024,GRP013,Progress Celebration,2025-08-18 20:04:15.553550,4.766755936806854,4.715822941703577,2.121603529430125,Negative,True,Great work on documentation!
MOT0451,STU047,GRP006,Progress Celebration,2025-08-17 14:04:15.553556,6.494377199297222,9.717209996045979,1.9858577535249418,Very Positive,True,Great work on team collaboration!
MOT0452,STU065,GRP018,Peer Recognition,2025-08-12 13:04:15.553561,5.968685357501826,7.7001832078747094,1.752941912616138,Positive,True,Great work on data analysis!
MOT0453,STU026,GRP003,Achievement Badge,2025-08-11 17:04:15.553567,7.950325125133615,8.187204756890413,2.1844745162315875,Negative,False,Great work on model implementation!
MOT0454,STU044,GRP018,Peer Recognition,2025-08-16 00:04:15.553572,6.054996894988292,6.603427743857177,1.2481525971510958,Positive,False,Great work on data analysis!
MOT0455,STU038,GRP020,Team Contribution Highlight,2025-08-22 17:04:15.553578,6.807777336104276,6.358157526312856,0.23062233268270238,Neutral,False,Great work on documentation!
MOT0456,STU006,GRP008,Team Contribution Highlight,2025-08-21 04:04:15.553584,7.171079444710141,7.312371778355492,1.1673272754703983,Neutral,True,Great work on model implementation!
MOT0457,STU029,GRP008,Progress Celebration,2025-08-15 02:04:15.553590,5.960461001448765,9.624721082115855,2.3094089283160004,Positive,True,Great work on team collaboration!
MOT0458,STU032,GRP001,Team Contribution Highlight,2025-08-14 04:04:15.553596,4.6439694649412475,7.1606481443034635,1.9800034143756746,Negative,True,Great work on model implementation!
MOT0459,STU053,GRP006,Team Contribution Highlight,2025-08-12 02:04:15.553601,7.402904355654863,7.750250445204257,0.3899198360286118,Negative,True,Great work on documentation!
MOT0460,STU034,GRP012,Peer Recognition,2025-08-15 07:04:15.553607,5.4761899307696815,7.1798789189444525,1.5215954648952805,Neutral,True,Great work on model implementation!
MOT0461,STU041,GRP018,Peer Recognition,2025-08-22 20:04:15.553613,9.055590732045857,6.975743718254246,0.4791718019558079,Positive,True,Great work on model implementation!
MOT0462,STU069,GRP019,Progress Celebration,2025-08-22 10:04:15.553618,6.337120284758085,9.03808677661687,0.14249362659143738,Negative,True,Great work on data analysis!
MOT0463,STU078,GRP008,Goal Achievement,2025-08-17 01:04:15.553624,8.680451226312421,7.593562365461197,0.712543998149301,Positive,True,Great work on data analysis!
MOT0464,STU059,GRP020,Skill Improvement Note,2025-08-13 21:04:15.553629,4.099716069856761,8.647824928104752,1.1630630438067722,Negative,True,Great work on model implementation!
MOT0465,STU003,GRP018,Skill Improvement Note,2025-08-12 13:04:15.553635,6.756058224131761,6.719025910786363,1.044723172599181,Very Positive,False,Great work on documentation!
MOT0466,STU019,GRP003,Goal Achievement,2025-08-16 22:04:15.553640,5.770128130467893,7.679288273546151,0.7643581388993516,Very Positive,False,Great work on team collaboration!
MOT0467,STU073,GRP009,Goal Achievement,2025-08-23 21:04:15.553646,4.198728558969168,11.074199694355928,0.20927660212998878,Negative,True,Great work on model implementation!
MOT0468,STU051,GRP007,Goal Achievement,2025-08-14 20:04:15.553652,6.772188510413809,5.67356660589115,-0.2976379492943799,Neutral,True,Great work on team collaboration!
MOT0469,STU043,GRP008,Team Contribution Highlight,2025-08-13 15:04:15.553657,6.646739737778401,8.009241105321964,2.3091991926419073,Negative,True,Great work on team collaboration!
MOT0470,STU001,GRP020,Achievement Badge,2025-08-16 20:04:15.553663,7.099320261523559,7.620227137505051,0.5403198047479967,Very Positive,True,Great work on data analysis!
MOT0471,STU079,GRP003,Team Contribution Highlight,2025-08-15 16:04:15.553669,8.748518102350323,8.914621495260269,0.30293641780126035,Positive,True,Great work on model implementation!
MOT0472,STU077,GRP006,Progress Celebration,2025-08-23 20:04:15.553674,6.5569455923159525,7.972862677831796,1.0234770747154647,Negative,True,Great work on team collaboration!
MOT0473,STU012,GRP004,Skill Improvement Note,2025-08-12 06:04:15.553680,7.657775728710192,8.798079766017812,1.1476114417559153,Negative,False,Great work on documentation!
MOT0474,STU061,GRP005,Peer Recognition,2025-08-20 14:04:15.553686,6.078696131303513,9.598750155201039,2.04627111388979,Very Positive,True,Great work on model implementation!
MOT0475,STU056,GRP009,Skill Improvement Note,2025-08-22 13:04:15.553691,6.608540584862577,5.8449491531039355,1.5752000850440289,Positive,True,Great work on model implementation!
MOT0476,STU030,GRP012,Goal Achievement,2025-08-10 23:04:15.553696,7.547125197376502,4.4945740459219525,1.5014955586544205,Very Positive,True,Great work on data analysis!
MOT0477,STU068,GRP009,Achievement Badge,2025-08-11 13:04:15.553702,5.8749620198063965,7.534974863844538,0.5740952377893435,Very Positive,False,Great work on data analysis!
MOT0478,STU048,GRP004,Progress Celebration,2025-08-24 11:04:15.553707,6.277716064394537,9.470389891417597,0.9428812009475875,Very Positive,True,Great work on documentation!
MOT0479,STU040,GRP001,Team Contribution Highlight,2025-08-12 11:04:15.553713,7.948360338189776,6.832402537344468,1.9070049541248313,Neutral,False,Great work on model implementation!
MOT0480,STU025,GRP020,Skill Improvement Note,2025-08-20 14:04:15.553718,6.502483783432927,8.222429794547136,1.30572260487799,Positive,False,Great work on data analysis!
MOT0481,STU020,GRP020,Peer Recognition,2025-08-12 06:04:15.553724,7.462437848661812,4.71889785847949,0.16413974923394425,Positive,False,Great work on model implementation!
MOT0482,STU065,GRP005,Skill Improvement Note,2025-08-23 20:04:15.553730,7.125620747012967,5.347753975324517,0.8755357154822325,Very Positive,False,Great work on data analysis!
MOT0483,STU040,GRP010,Achievement Badge,2025-08-17 01:04:15.553736,6.418488738445025,6.806231834864524,0.7467508778449811,Positive,True,Great work on model implementation!
MOT0484,STU013,GRP016,Progress Celebration,2025-08-11 15:04:15.553741,6.907373300230389,9.01115394693577,0.5332404949961538,Positive,False,Great work on team collaboration!
MOT0485,STU059,GRP018,Skill Improvement Note,2025-08-14 22:04:15.553747,5.637412705718945,6.922486832007546,-0.6371038015018229,Very Positive,True,Great work on data analysis!
MOT0486,STU044,GRP008,Peer Recognition,2025-08-21 11:04:15.553752,6.712567685476263,8.921661294994191,2.113314565852706,Positive,False,Great work on documentation!
MOT0487,STU025,GRP013,Achievement Badge,2025-08-16 20:04:15.553758,5.1938504353388915,6.297962341775829,1.3172844380733477,Very Positive,False,Great work on documentation!
MOT0488,STU076,GRP004,Team Contribution Highlight,2025-08-22 13:04:15.553764,7.743910529849701,7.985820537972461,1.5314437086990091,Neutral,False,Great work on documentation!
MOT0489,STU070,GRP007,Peer Recognition,2025-08-17 15:04:15.553769,8.21274639160435,6.913036128923156,1.124023930661576,Positive,True,Great work on model implementation!
MOT0490,STU038,GRP014,Skill Improvement Note,2025-08-15 05:04:15.553775,8.951908267641802,7.563826652282848,0.2861304272267431,Negative,True,Great work on data analysis!
MOT0491,STU063,GRP004,Peer Recognition,2025-08-12 12:04:15.553781,5.495965855624558,6.674184178534509,1.5857300685610165,Negative,True,Great work on team collaboration!
MOT0492,STU064,GRP010,Goal Achievement,2025-08-23 07:04:15.553786,5.156079494616831,8.125241103433494,0.7111478251674802,Very Positive,True,Great work on data analysis!
MOT0493,STU040,GRP019,Goal Achievement,2025-08-12 07:04:15.553792,3.314932192402658,8.167943744378306,1.4187709452375112,Positive,True,Great work on data analysis!
MOT0494,STU069,GRP001,Achievement Badge,2025-08-18 00:04:15.553797,7.276636723563261,6.992415337001692,0.6763644197124987,Negative,True,Great work on data analysis!
MOT0495,STU056,GRP017,Team Contribution Highlight,2025-08-20 16:04:15.553803,7.102200287722319,9.622823487037177,1.3089344076050622,Neutral,True,Great work on data analysis!
MOT0496,STU028,GRP004,Skill Improvement Note,2025-08-20 12:04:15.553809,7.136877644070718,7.414094778689151,0.06509558250105218,Positive,True,Great work on data analysis!
MOT0497,STU027,GRP016,Progress Celebration,2025-08-12 07:04:15.553814,7.951144128731087,8.890097086903394,1.8686192201401552,Very Positive,True,Great work on documentation!
MOT0498,STU027,GRP004,Peer Recognition,2025-08-24 09:04:15.553820,6.227081842486372,8.51646731968625,2.0150094379102645,Positive,True,Great work on team collaboration!
MOT0499,STU023,GRP013,Progress Celebration,2025-08-16 13:04:15.553826,8.930238027435061,8.98623132557693,1.3510569800269112,Negative,True,Great work on model implementation!
MOT0500,STU077,GRP008,Team Contribution Highlight,2025-08-18 23:04:15.553831,4.537620116863443,7.986789957206089,1.5052619166794463,Negative,True,Great work on team collaboration!
