student_id,group_id,week,contribution_percentage,code_commits,document_edits,meeting_speaking_time,ideas_contributed,ai_prompts_received,peer_rating,improvement_flag
STU001,GRP001,1,50.0,13,8,5.862462547312846,2,1,6.398587435656358,False
STU001,GRP001,2,50.0,4,1,11.49891666754172,1,1,7.820097608272037,False
STU001,GRP001,3,50.0,6,7,16.803427106843152,5,5,6.0005640698145575,False
STU001,GRP001,4,50.0,14,6,20.449477974053472,3,4,6.1358152275741205,False
STU001,GRP001,5,50.0,10,3,20.060339745707267,2,3,6.8153226712172374,False
STU001,GRP001,6,50.0,6,6,18.920401382711436,3,2,6.79579296231906,False
STU001,GRP001,7,50.0,2,3,6.393513076973873,1,1,8.037269796887998,False
STU001,GRP001,8,50.0,10,1,8.920163884080289,4,2,7.1020550322402185,False
STU002,GRP001,1,50.0,5,4,19.246619639053698,6,1,8.84561953823396,False
STU002,GRP001,2,50.0,14,2,8.61568950689304,3,1,6.702098663366688,False
STU002,GRP001,3,50.0,12,8,13.652299403138166,6,5,7.807564247238301,False
STU002,GRP001,4,50.0,9,6,9.354001965148381,5,4,5.272353644058358,False
STU002,GRP001,5,50.0,7,5,8.539982129523779,4,2,5.567945425067416,False
STU002,GRP001,6,50.0,4,2,11.522033815753872,4,0,8.690855159694507,False
STU002,GRP001,7,50.0,9,4,10.3776204120411,1,5,6.396896183313178,False
STU002,GRP001,8,50.0,5,4,3.5342324877292484,4,4,6.942016385518786,False
STU003,GRP001,1,50.0,5,4,7.671660430763845,4,5,6.805762281570723,False
STU003,GRP001,2,50.0,14,6,11.049847992669037,6,3,7.506192743393052,False
STU003,GRP001,3,50.0,5,7,19.892569392867713,2,0,5.7440570702877976,False
STU003,GRP001,4,50.0,7,1,14.255456458383675,1,2,8.651478364762687,False
STU003,GRP001,5,50.0,2,2,15.16990398709332,2,2,4.866156726920983,False
STU003,GRP001,6,50.0,9,4,7.898206918465373,6,4,8.268470813627893,False
STU003,GRP001,7,50.0,14,6,13.96578612661484,1,0,8.624141873771341,False
STU003,GRP001,8,50.0,5,4,16.002976986385637,3,1,7.148149067402971,False
STU004,GRP001,1,16.379528654110977,6,3,4.627409170623677,3,4,6.348763751316864,True
STU004,GRP001,2,37.32558804889935,5,1,8.408342040039589,2,2,5.610744491270477,True
STU004,GRP001,3,16.553677748036367,2,3,-0.9513277936666595,4,5,6.089843292482962,True
STU004,GRP001,4,9.102921308924227,3,6,1.5832252175312895,2,2,8.404230800884674,False
STU004,GRP001,5,26.75870218674388,7,6,-0.9383991035402515,6,1,7.662549501675811,True
STU004,GRP001,6,10.097976970356862,14,7,3.1120823383796985,6,0,6.574937660900031,False
STU004,GRP001,7,32.404704137854424,4,4,7.806544261848348,2,4,7.582896576946552,True
STU004,GRP001,8,43.976935563108704,7,6,10.55120335903413,5,3,7.003837588738346,True
STU005,GRP002,1,50.0,12,4,9.73624606466839,1,4,6.073421243545669,False
STU005,GRP002,2,50.0,11,4,19.166052806900222,5,2,7.9024556603425955,False
STU005,GRP002,3,50.0,14,3,9.713593451927233,3,1,7.324101293617317,False
STU005,GRP002,4,50.0,2,5,4.833039555406348,2,4,7.843861905828093,False
STU005,GRP002,5,50.0,11,8,8.83304314542941,2,5,5.969074871139831,False
STU005,GRP002,6,50.0,3,8,11.167263478596263,6,4,6.219047613917848,False
STU005,GRP002,7,50.0,3,3,13.338457674297807,5,3,6.620444156362186,False
STU005,GRP002,8,50.0,14,6,4.545770715706521,4,4,7.628473318496624,False
STU006,GRP002,1,50.0,7,6,5.024012063484222,5,5,7.009680111293363,False
STU006,GRP002,2,50.0,9,8,5.2439039187003225,3,4,6.894935744255872,False
STU006,GRP002,3,50.0,14,1,12.082946326267193,2,1,5.676668351415617,False
STU006,GRP002,4,50.0,9,4,15.166625153071738,4,1,6.5800359035784535,False
STU006,GRP002,5,50.0,8,3,7.149207682465698,3,2,7.320563555754077,False
STU006,GRP002,6,50.0,4,2,16.295064852910944,3,3,5.66537643846573,False
STU006,GRP002,7,50.0,5,1,6.268032507304189,4,4,5.629616715168782,False
STU006,GRP002,8,50.0,8,8,12.016730451909297,4,3,8.935336279236447,False
STU007,GRP002,1,50.0,8,6,19.599222436865265,4,2,7.32461617055968,False
STU007,GRP002,2,50.0,6,7,6.6849857110827795,1,1,8.688169034479557,False
STU007,GRP002,3,50.0,9,4,19.83687994163839,3,5,6.044064916446426,False
STU007,GRP002,4,50.0,3,6,16.41830237113354,1,2,7.5308035119714365,False
STU007,GRP002,5,50.0,15,2,10.666411657119834,3,1,6.583763214490467,False
STU007,GRP002,6,50.0,3,2,13.956418328451281,1,2,7.954281099108618,False
STU007,GRP002,7,50.0,2,4,13.592844444368579,3,1,9.002569697560846,False
STU007,GRP002,8,50.0,12,6,12.87704564462333,3,2,7.586787436792054,False
STU008,GRP002,1,50.0,13,5,14.501841447312804,2,5,7.290749422962782,False
STU008,GRP002,2,50.0,11,3,8.922436169386257,6,5,6.946519720689421,False
STU008,GRP002,3,50.0,10,5,11.891313731081873,1,2,6.596555515999883,False
STU008,GRP002,4,50.0,6,6,22.14634998310641,4,3,6.87667904621488,False
STU008,GRP002,5,50.0,15,1,12.619731912246307,4,5,8.664351868327937,False
STU008,GRP002,6,50.0,10,3,15.231994758336358,4,1,6.569748966924868,False
STU008,GRP002,7,50.0,5,4,11.320642677331614,4,1,8.258553327605489,False
STU008,GRP002,8,50.0,10,8,18.487442700190872,6,3,6.452205268595085,False
STU009,GRP003,1,50.0,7,2,19.29692611615372,3,1,5.360546090917329,False
STU009,GRP003,2,50.0,8,7,13.303427490628264,2,3,8.937739905096793,False
STU009,GRP003,3,50.0,9,1,14.866085329059915,3,1,7.739673148636431,False
STU009,GRP003,4,50.0,11,3,7.988414227027286,3,5,6.600352269113298,False
STU009,GRP003,5,50.0,2,8,13.183732513242315,6,2,6.611222979159307,False
STU009,GRP003,6,50.0,7,4,11.933226029463501,4,3,7.157861968212995,False
STU009,GRP003,7,50.0,12,7,4.573769946350713,6,4,7.42777252560339,False
STU009,GRP003,8,50.0,6,6,17.693635297210914,5,0,7.241835526939003,False
STU010,GRP003,1,45.17385959553894,2,3,14.731218496847205,2,2,5.107324436641454,True
STU010,GRP003,2,45.4665934452754,14,7,-0.9355307491621758,4,1,6.831786484209587,True
STU010,GRP003,3,32.861374798040345,3,7,7.749040371801263,2,3,6.513986714259163,True
STU010,GRP003,4,40.88150748406427,11,8,10.374624334800764,6,2,6.179942756175844,True
STU010,GRP003,5,50.0,3,3,11.833048389441887,1,5,5.3362126951705084,True
STU010,GRP003,6,38.4608408479182,2,3,12.14290459649559,2,0,5.790384132195187,True
STU010,GRP003,7,23.154188406789245,8,5,8.341927790991349,2,1,8.12669059844747,False
STU010,GRP003,8,32.2259445043916,10,2,24.477077132537318,4,0,7.939965084506456,True
STU011,GRP003,1,50.0,7,1,11.87771685142789,2,2,8.040588266920224,False
STU011,GRP003,2,50.0,15,7,11.932090658846057,4,1,5.263142399844292,False
STU011,GRP003,3,50.0,3,3,5.699882118447027,5,3,6.744568140692359,False
STU011,GRP003,4,50.0,9,2,15.938819242808844,4,1,8.194363480635067,False
STU011,GRP003,5,50.0,4,4,12.74795913830793,3,3,7.4894548610769895,False
STU011,GRP003,6,50.0,15,8,5.2135035620808425,2,4,9.448415918687786,False
STU011,GRP003,7,50.0,11,5,8.651464503810722,5,1,6.244035961773172,False
STU011,GRP003,8,50.0,10,8,4.753987774260809,3,1,8.805055480822276,False
STU012,GRP003,1,50.0,4,8,14.033484710149189,1,3,6.9820671046947105,False
STU012,GRP003,2,50.0,5,6,13.230053048878634,5,3,6.486225602808634,False
STU012,GRP003,3,50.0,11,1,6.592167104487938,6,0,7.264155024985331,False
STU012,GRP003,4,50.0,9,6,14.609844107167287,6,5,6.010319224597165,False
STU012,GRP003,5,50.0,8,3,11.154794540559587,4,1,8.392099014878335,False
STU012,GRP003,6,50.0,11,7,12.883664296964785,4,3,7.220145071766679,False
STU012,GRP003,7,50.0,4,2,12.571909981221328,4,5,7.228253151211411,False
STU012,GRP003,8,50.0,5,3,13.076199334860092,3,5,8.55752823224216,False
STU013,GRP004,1,50.0,12,2,16.11535162067789,6,5,6.815429466542757,True
STU013,GRP004,2,48.59413521789765,5,8,6.72266541279569,4,4,8.522569187580348,True
STU013,GRP004,3,47.64945587660677,7,2,17.616843854903063,1,4,5.36335847964479,True
STU013,GRP004,4,48.99889958808426,7,7,8.84589266412593,4,1,6.557436081773358,True
STU013,GRP004,5,50.0,10,1,2.328220660578186,4,0,5.8282893523220825,True
STU013,GRP004,6,50.0,13,8,21.24067786262142,4,2,9.019177112815957,True
STU013,GRP004,7,45.28877434926604,15,4,23.838382612663953,4,0,7.0293756038222925,False
STU013,GRP004,8,50.0,3,3,1.2163744735529054,3,5,8.928422809899137,True
STU014,GRP004,1,50.0,13,8,11.36057855809047,4,3,7.114729052935093,False
STU014,GRP004,2,50.0,3,2,11.448211981115442,5,5,6.6147046846489035,False
STU014,GRP004,3,50.0,5,8,19.64759829262996,2,3,6.636288736369929,False
STU014,GRP004,4,50.0,15,5,15.270714632563744,2,1,6.26269177066259,False
STU014,GRP004,5,50.0,15,1,6.8582433124461115,5,0,8.51624681295581,False
STU014,GRP004,6,50.0,4,5,13.468350091740843,1,4,7.770733908005238,False
STU014,GRP004,7,50.0,13,7,13.316278131460827,2,0,5.238498186833439,False
STU014,GRP004,8,50.0,12,1,17.196014258310235,6,2,6.194546709839334,False
STU015,GRP004,1,50.0,4,8,14.981908232644226,3,1,5.704631296510546,False
STU015,GRP004,2,50.0,5,1,14.473220416783331,6,4,7.429959777919322,False
STU015,GRP004,3,50.0,5,8,13.907917025429171,6,0,6.781767921051806,False
STU015,GRP004,4,50.0,15,2,21.571264138501373,4,5,5.595539682274792,False
STU015,GRP004,5,50.0,6,8,18.445648907267334,1,4,9.10732190763224,False
STU015,GRP004,6,50.0,2,1,6.655095448937502,4,1,4.826032183457936,False
STU015,GRP004,7,50.0,5,6,12.552439913369378,2,1,5.319932155403944,False
STU015,GRP004,8,50.0,3,1,15.16813212408238,4,0,5.2545263137063305,False
STU016,GRP004,1,50.0,2,6,14.135376090266538,2,5,7.18557825188395,False
STU016,GRP004,2,50.0,12,2,13.4868630271983,2,0,7.1365092201763325,False
STU016,GRP004,3,50.0,14,3,6.133936130433012,6,1,5.418640297469231,False
STU016,GRP004,4,50.0,2,7,16.638287548675994,5,0,8.012260349466544,False
STU016,GRP004,5,50.0,15,6,7.366447541073669,3,4,7.204498501111734,False
STU016,GRP004,6,50.0,12,4,14.344586014541234,5,1,7.013982049222295,False
STU016,GRP004,7,50.0,10,7,17.410054930607952,4,0,6.483074069583539,False
STU016,GRP004,8,50.0,5,4,10.757669043190099,1,2,8.192803346042616,False
STU017,GRP005,1,50.0,7,3,6.256682876186863,1,3,7.942579107795492,False
STU017,GRP005,2,50.0,12,6,19.900915384409323,1,3,7.610515997259165,False
STU017,GRP005,3,50.0,5,8,12.17844774940377,2,0,5.544711262150234,False
STU017,GRP005,4,50.0,12,5,13.326923845119316,6,4,6.151908182029176,False
STU017,GRP005,5,50.0,7,1,11.107076381216427,1,1,7.423647098098001,False
STU017,GRP005,6,50.0,8,5,8.339647661336016,5,3,5.698038415023428,False
STU017,GRP005,7,50.0,3,3,9.901627608981823,3,0,3.906048579831364,False
STU017,GRP005,8,50.0,11,6,19.23336500700573,6,5,7.447746876509211,False
STU018,GRP005,1,50.0,8,3,8.902638078310314,3,1,6.249871095167617,False
STU018,GRP005,2,50.0,12,6,18.168442490492545,6,3,5.410200333156839,False
STU018,GRP005,3,50.0,3,6,2.4088294428440182,1,4,8.587141409512927,False
STU018,GRP005,4,50.0,11,8,8.175519437857886,4,4,8.530296415506367,False
STU018,GRP005,5,50.0,12,4,16.603037379543355,5,4,5.830999086193334,False
STU018,GRP005,6,50.0,13,1,15.769463051355121,2,0,5.167455045597093,False
STU018,GRP005,7,50.0,11,2,17.624432163829653,3,1,5.806273938481965,False
STU018,GRP005,8,50.0,13,7,17.637763568375785,2,4,5.474458901063078,False
STU019,GRP005,1,50.0,4,6,7.810232955775538,4,2,8.918377112309333,False
STU019,GRP005,2,50.0,8,4,14.895013120459943,6,0,5.975720458356872,False
STU019,GRP005,3,50.0,13,8,11.564628650386396,6,2,7.998880646308671,False
STU019,GRP005,4,50.0,7,1,18.232359387439512,5,3,7.948823452031008,False
STU019,GRP005,5,50.0,6,1,15.123962877506608,2,5,5.945801450836594,False
STU019,GRP005,6,50.0,5,4,7.978524066742051,5,0,7.948741262607973,False
STU019,GRP005,7,50.0,12,4,2.9868688178427902,6,5,6.006036952507732,False
STU019,GRP005,8,49.701066640410005,11,7,10.112120277138049,5,2,7.546210803842589,False
STU020,GRP005,1,50.0,4,8,19.000882634065697,6,0,4.234171392884454,False
STU020,GRP005,2,50.0,3,8,12.109454949436053,1,1,6.367163994735869,False
STU020,GRP005,3,50.0,2,3,12.558681848609679,2,1,7.632926382231996,False
STU020,GRP005,4,50.0,3,3,11.759107332508854,5,4,5.936001958378751,False
STU020,GRP005,5,50.0,15,4,15.747906658230866,2,4,6.5887386677462265,False
STU020,GRP005,6,50.0,3,7,6.240388697632737,6,3,9.311614486865361,False
STU020,GRP005,7,50.0,6,3,3.789730291140849,6,1,8.290124144570727,False
STU020,GRP005,8,50.0,5,7,11.703991442066801,2,4,8.215531461603737,False
STU021,GRP006,1,50.0,5,5,13.168802870271147,3,4,8.274141720349986,False
STU021,GRP006,2,50.0,9,4,9.565145069897683,3,3,7.398356714279864,False
STU021,GRP006,3,50.0,3,6,13.33169432975328,4,3,8.483445973911515,False
STU021,GRP006,4,50.0,4,8,21.81379843190141,4,3,6.244750946552253,False
STU021,GRP006,5,50.0,10,7,8.01833333514002,2,3,6.417291865545989,False
STU021,GRP006,6,50.0,2,7,5.794349836721446,4,0,8.833577888367413,False
STU021,GRP006,7,50.0,14,5,12.271446226770863,5,4,6.473770593274022,False
STU021,GRP006,8,50.0,4,3,13.69283063071038,3,3,9.60035112069636,False
STU022,GRP006,1,50.0,9,5,10.634706661680422,4,2,5.697830148205201,False
STU022,GRP006,2,50.0,8,8,15.12115089976015,1,2,9.604542614733468,False
STU022,GRP006,3,50.0,4,8,12.83047123149488,2,1,9.013666720543114,False
STU022,GRP006,4,50.0,5,1,7.536704922742094,1,4,6.341433972667398,False
STU022,GRP006,5,50.0,13,6,15.99212567192186,4,3,7.5522372174760495,False
STU022,GRP006,6,50.0,8,7,14.505691306321147,6,2,9.225984828976788,False
STU022,GRP006,7,50.0,8,8,17.647834619113755,3,5,6.554723165318977,False
STU022,GRP006,8,50.0,11,2,11.87356688615281,4,0,6.4935929239491035,False
STU023,GRP006,1,50.0,3,7,8.486391418875417,5,1,9.331092614596757,False
STU023,GRP006,2,50.0,5,7,14.756614123717059,3,5,5.635968257295022,False
STU023,GRP006,3,50.0,7,8,20.291920059403907,6,5,6.1849336753382795,False
STU023,GRP006,4,50.0,7,1,13.81944247175011,6,3,5.254462301707407,False
STU023,GRP006,5,50.0,8,4,14.291670355984607,2,3,4.445621050577776,False
STU023,GRP006,6,50.0,2,6,9.765807724026086,6,5,5.814570311641311,False
STU023,GRP006,7,50.0,12,1,16.86045097766892,6,5,6.800509513215004,False
STU023,GRP006,8,50.0,12,3,21.22247774679944,3,4,6.926360751880105,False
STU024,GRP006,1,50.0,12,3,14.073812807275818,3,1,5.738413822912924,False
STU024,GRP006,2,50.0,12,3,14.248739076239907,1,0,4.03520406054472,False
STU024,GRP006,3,50.0,12,7,10.027510130925112,4,5,5.401903018722189,False
STU024,GRP006,4,50.0,3,4,18.580828883911273,4,1,7.525542715575707,False
STU024,GRP006,5,50.0,6,5,11.73635027509922,5,4,7.579255312667366,False
STU024,GRP006,6,50.0,8,5,15.549545613273219,6,3,6.826614590266685,False
STU024,GRP006,7,50.0,13,2,17.946899180773038,1,5,6.863348070717111,False
STU024,GRP006,8,50.0,14,6,14.653699669909255,2,2,7.419793495216106,False
STU025,GRP007,1,50.0,13,4,10.210915152049072,6,3,7.950564878974563,False
STU025,GRP007,2,50.0,13,5,19.032770338672503,1,1,4.961859317919699,False
STU025,GRP007,3,50.0,15,8,21.928942582427634,1,0,5.1464803277132525,False
STU025,GRP007,4,50.0,3,7,10.66698715080628,5,3,7.222475987761314,False
STU025,GRP007,5,50.0,12,5,8.421061374157139,6,3,7.779525838135463,False
STU025,GRP007,6,50.0,4,3,27.7034347707972,3,1,5.838384442492863,False
STU025,GRP007,7,50.0,13,3,15.04522572398572,2,3,7.7852268287154605,False
STU025,GRP007,8,50.0,4,2,22.444423193774266,4,4,6.2927961224977835,False
STU026,GRP007,1,50.0,15,4,6.890159400252923,2,1,6.6569532940250555,False
STU026,GRP007,2,50.0,2,3,24.704619827282674,2,2,5.993651591680563,False
STU026,GRP007,3,50.0,15,7,12.430689327478643,4,5,5.961749135377303,False
STU026,GRP007,4,50.0,11,2,3.5712935902686844,6,1,5.795841489040852,False
STU026,GRP007,5,50.0,3,5,15.592311961941093,1,3,7.943168918638553,False
STU026,GRP007,6,50.0,3,5,19.803401660645683,1,2,6.267084813121915,False
STU026,GRP007,7,50.0,2,4,5.893953840719355,4,3,10.0,False
STU026,GRP007,8,50.0,12,2,18.78439015837461,1,0,8.097946399612269,False
STU027,GRP007,1,50.0,6,1,4.979257345260105,6,4,6.332241066580028,False
STU027,GRP007,2,50.0,14,1,18.605828750020436,1,1,6.85539873013201,False
STU027,GRP007,3,50.0,10,1,19.680446730910077,4,4,8.077893487427476,False
STU027,GRP007,4,50.0,10,5,29.644552390041067,4,3,7.138182777328571,False
STU027,GRP007,5,50.0,14,6,15.627380001520255,5,3,5.074234826922325,False
STU027,GRP007,6,50.0,7,6,20.17560869906326,6,2,8.57223382726516,False
STU027,GRP007,7,50.0,7,4,17.105265640239626,3,5,7.846616063272296,False
STU027,GRP007,8,50.0,8,7,8.616130454064699,5,0,5.599812676559121,False
STU028,GRP007,1,29.924957802464547,15,6,7.466663693542165,1,0,6.042613454268665,False
STU028,GRP007,2,50.0,13,7,18.9687657793298,6,1,5.117081170368131,True
STU028,GRP007,3,50.0,3,5,7.959230256961648,6,1,6.493359178234307,True
STU028,GRP007,4,50.0,11,8,21.775592865176733,5,3,7.453871542517812,True
STU028,GRP007,5,50.0,2,6,15.563131886685563,1,5,6.900535619350162,True
STU028,GRP007,6,50.0,2,6,18.284019744567363,6,3,8.35148582612366,True
STU028,GRP007,7,50.0,9,7,11.527076684801662,6,4,7.040644659322293,True
STU028,GRP007,8,37.63238309222901,7,7,8.499870078526087,4,5,8.609596083459616,False
STU029,GRP008,1,50.0,15,2,5.263911103710209,6,3,6.628907310840725,False
STU029,GRP008,2,50.0,6,4,12.608327058517817,6,1,6.484981251726815,False
STU029,GRP008,3,50.0,15,1,7.721228210886778,2,3,6.521557861020173,False
STU029,GRP008,4,50.0,14,2,13.783595863978702,3,5,6.205677784099087,False
STU029,GRP008,5,50.0,10,8,17.083532362945093,2,3,7.657031836522744,False
STU029,GRP008,6,50.0,3,8,17.8781339700883,6,4,7.680112457341189,False
STU029,GRP008,7,50.0,5,4,4.988673738298594,2,1,7.188518380772596,False
STU029,GRP008,8,50.0,14,2,16.629263349138547,1,3,4.7645636962585165,False
STU030,GRP008,1,50.0,13,1,4.3184910745027025,2,2,8.793677208723166,False
STU030,GRP008,2,50.0,8,5,17.03989878902567,2,5,7.775254412114478,False
STU030,GRP008,3,50.0,6,8,13.94892239329111,6,0,9.79964267453376,False
STU030,GRP008,4,50.0,12,3,8.217490214402886,5,5,6.106907959653315,False
STU030,GRP008,5,50.0,13,8,12.589849575082352,1,5,7.678296548769676,False
STU030,GRP008,6,50.0,7,4,18.894368823501875,5,4,7.066476294140001,False
STU030,GRP008,7,50.0,3,6,8.724378007757409,4,5,7.586615067775585,False
STU030,GRP008,8,50.0,13,7,18.827614607092702,6,5,6.769598475686296,False
STU031,GRP008,1,50.0,14,7,10.05863137651656,2,1,4.536661080195369,False
STU031,GRP008,2,50.0,6,2,11.623209128025795,3,0,7.1581001316967505,False
STU031,GRP008,3,50.0,3,2,9.592784568286215,3,5,4.643969628081376,False
STU031,GRP008,4,50.0,11,4,14.83033374139302,6,0,8.091144876032432,False
STU031,GRP008,5,50.0,11,6,11.83237132273756,2,2,6.3736533214289235,False
STU031,GRP008,6,50.0,8,1,17.459268502539288,3,0,6.79034675448403,False
STU031,GRP008,7,50.0,11,4,8.165132717837238,4,3,7.051629382018152,False
STU031,GRP008,8,50.0,7,6,1.2373324260817533,6,1,6.772983597809296,False
STU032,GRP008,1,50.0,10,4,9.362694167621491,1,3,7.260926896871011,False
STU032,GRP008,2,50.0,2,8,14.56320680721483,3,1,6.484200612222576,False
STU032,GRP008,3,50.0,15,5,15.29677704857718,2,3,7.99233527313136,False
STU032,GRP008,4,50.0,12,8,17.141943395680855,2,4,5.104785805515688,False
STU032,GRP008,5,50.0,6,3,20.888420454499048,6,5,8.11317463816396,False
STU032,GRP008,6,50.0,15,1,13.338406667246199,5,2,7.545197719782674,False
STU032,GRP008,7,50.0,6,2,11.359243253558828,3,5,7.3389397168667205,False
STU032,GRP008,8,50.0,11,8,18.369210101833513,6,1,5.738142929991807,False
STU033,GRP009,1,50.0,13,7,8.640548124070227,1,2,5.9379656412846415,True
STU033,GRP009,2,50.0,13,4,7.4601888254318105,6,1,9.464914699508371,True
STU033,GRP009,3,49.29737529484505,2,3,8.591527062361706,4,5,7.501858093919436,True
STU033,GRP009,4,50.0,15,3,11.864219852716348,1,4,8.171797243327466,True
STU033,GRP009,5,46.52622672321037,8,8,12.45091368948487,3,3,7.39556023936935,False
STU033,GRP009,6,50.0,10,5,9.380798756563697,3,5,6.667649086927401,True
STU033,GRP009,7,50.0,13,7,17.044687484443,1,1,5.803527607164085,True
STU033,GRP009,8,50.0,14,1,12.366268494135374,6,2,6.210521813710311,True
STU034,GRP009,1,50.0,9,3,14.530425549372145,5,1,5.480153405266034,False
STU034,GRP009,2,50.0,9,8,16.670277259246845,3,1,8.121174085204926,False
STU034,GRP009,3,50.0,5,4,12.184512235228269,6,1,7.074918043992931,False
STU034,GRP009,4,50.0,13,1,19.222169540415024,3,5,7.841357440855502,False
STU034,GRP009,5,50.0,15,2,8.434379530768068,6,1,7.986533016739376,False
STU034,GRP009,6,50.0,8,7,12.905622917092515,6,1,5.980699036340433,False
STU034,GRP009,7,50.0,2,2,12.637438166804063,3,3,7.900563834322114,False
STU034,GRP009,8,50.0,4,1,13.516381105287312,1,4,7.836619144951424,False
STU035,GRP009,1,50.0,12,6,19.087704095087,5,3,7.688388355932059,False
STU035,GRP009,2,50.0,4,7,14.762482280513412,2,0,7.904321330991777,False
STU035,GRP009,3,50.0,3,4,17.524145747416185,4,3,5.193664988606272,False
STU035,GRP009,4,50.0,6,3,7.5190537720200155,6,5,7.419579708576968,False
STU035,GRP009,5,50.0,8,2,9.375943977320553,4,5,8.728132144083009,False
STU035,GRP009,6,50.0,8,5,16.496232287586224,6,5,7.6788862053447415,False
STU035,GRP009,7,50.0,9,6,9.515064844772342,1,0,6.009055449694592,False
STU035,GRP009,8,50.0,3,2,12.099585008754538,1,3,7.335785915133132,False
STU036,GRP009,1,50.0,12,4,18.931260432274293,1,4,7.145418582280814,False
STU036,GRP009,2,50.0,11,8,13.682710968074316,3,5,7.920475227387643,False
STU036,GRP009,3,50.0,13,2,19.25496952863758,5,1,8.060349458765167,False
STU036,GRP009,4,50.0,8,8,20.838989665022574,6,5,6.714731951983465,False
STU036,GRP009,5,50.0,8,5,14.192365526560557,5,1,7.178663924744524,False
STU036,GRP009,6,50.0,3,6,10.009040396492805,1,5,10.0,False
STU036,GRP009,7,50.0,15,3,8.12611887872816,4,5,8.533451825250367,False
STU036,GRP009,8,50.0,2,7,16.03477504960271,5,4,5.343576477504178,False
STU037,GRP010,1,50.0,10,8,21.406998583004288,1,4,7.6799293994021065,False
STU037,GRP010,2,50.0,10,2,16.85030108453742,2,5,9.051649634410623,False
STU037,GRP010,3,50.0,4,3,14.69834861136512,1,4,8.084669680763202,False
STU037,GRP010,4,50.0,7,2,7.472220144081262,1,1,6.559573097642048,False
STU037,GRP010,5,50.0,12,3,9.280639944458237,1,4,8.333374258245355,False
STU037,GRP010,6,50.0,14,1,7.082017276637311,1,0,8.246063244591559,False
STU037,GRP010,7,50.0,7,3,16.451745043461443,4,5,7.203517211673922,False
STU037,GRP010,8,50.0,6,1,4.969585447989658,5,2,6.49869385009502,False
STU038,GRP010,1,50.0,12,8,15.710225459467805,2,4,7.606472051464555,False
STU038,GRP010,2,50.0,9,6,3.0706769106789533,5,2,6.552925263314902,False
STU038,GRP010,3,50.0,11,4,15.497893139068767,6,0,5.967391208193628,False
STU038,GRP010,4,50.0,12,1,11.029384098119152,2,0,5.694594942743656,False
STU038,GRP010,5,50.0,5,3,13.02271122774608,3,1,6.826377087109188,False
STU038,GRP010,6,50.0,4,4,3.3018106371884848,5,2,5.48213338707675,False
STU038,GRP010,7,50.0,6,3,-2.341842151179261,6,4,8.619455576600492,False
STU038,GRP010,8,50.0,8,2,9.463384772645425,5,2,7.513212125211916,False
STU039,GRP010,1,50.0,6,7,7.897083870817613,6,1,8.819546140667217,False
STU039,GRP010,2,50.0,8,8,12.69457914008665,1,2,6.412639605589611,False
STU039,GRP010,3,50.0,12,7,19.333733683471984,6,1,7.375771627760239,False
STU039,GRP010,4,50.0,10,4,21.583966183311865,1,5,8.61721370261515,False
STU039,GRP010,5,50.0,13,5,15.99725045303271,6,5,8.390505801411845,False
STU039,GRP010,6,50.0,12,4,12.845017503685307,6,2,6.018902095866771,False
STU039,GRP010,7,50.0,11,3,24.92656962266843,4,1,7.163349560891013,False
STU039,GRP010,8,50.0,7,7,3.2812352060368504,4,0,6.017136828257433,False
STU040,GRP010,1,50.0,11,4,15.492975457221961,1,2,7.886279247042474,False
STU040,GRP010,2,50.0,3,2,9.335962003889088,6,4,8.687478831115063,False
STU040,GRP010,3,50.0,8,2,8.759952566997324,3,5,4.8580737605534745,False
STU040,GRP010,4,50.0,3,6,1.358287800251098,3,2,7.45089625806359,False
STU040,GRP010,5,50.0,4,4,20.889829184843485,3,0,7.128743039315895,False
STU040,GRP010,6,50.0,3,7,4.933602654211139,2,3,5.4345413204990685,False
STU040,GRP010,7,50.0,3,2,12.610338504684318,2,4,4.546803428558711,False
STU040,GRP010,8,50.0,13,5,14.388558800569168,5,3,9.104050238469178,False
STU041,GRP011,1,50.0,3,6,14.864767823566355,6,4,6.620075868516311,False
STU041,GRP011,2,50.0,15,5,13.348425454288757,5,2,7.240473741851622,False
STU041,GRP011,3,50.0,11,2,20.29314008535043,1,1,4.367622488489352,False
STU041,GRP011,4,50.0,7,7,21.28188993813996,2,2,8.855678424627795,False
STU041,GRP011,5,50.0,14,7,21.41557259996253,4,4,7.089288006311377,False
STU041,GRP011,6,50.0,4,5,11.427395248320455,1,5,8.039047106301211,False
STU041,GRP011,7,50.0,10,3,19.54717212025455,6,1,7.023062622660724,False
STU041,GRP011,8,50.0,4,7,9.018532104738027,5,5,8.038325388753455,False
STU042,GRP011,1,50.0,6,1,17.037661503963484,6,5,8.308293140389678,False
STU042,GRP011,2,50.0,7,4,22.34225644680145,6,4,6.17362010963588,False
STU042,GRP011,3,50.0,8,8,8.240143774750129,2,3,7.355440532025805,False
STU042,GRP011,4,50.0,7,8,7.691187896133991,5,2,7.521448116705148,False
STU042,GRP011,5,50.0,6,7,7.856318422336076,5,5,6.098919560853018,False
STU042,GRP011,6,50.0,15,4,5.133966850623667,3,5,7.422353289049667,False
STU042,GRP011,7,50.0,15,2,9.38634709498126,3,3,5.738405178372066,False
STU042,GRP011,8,50.0,14,6,10.920180243236508,1,5,4.3360130949323485,False
STU043,GRP011,1,50.0,13,4,12.52728922140657,1,1,5.1669028703730895,False
STU043,GRP011,2,50.0,3,5,10.23323274949706,5,3,9.774452867631437,False
STU043,GRP011,3,46.48181777945385,2,7,15.331504256995963,6,4,7.674510714499141,False
STU043,GRP011,4,50.0,4,8,13.910002712772554,4,4,7.451666274267039,False
STU043,GRP011,5,50.0,12,2,20.05641562055371,4,0,5.424807327040866,False
STU043,GRP011,6,50.0,15,1,15.991995606647006,6,3,8.340375313168154,False
STU043,GRP011,7,49.53700302365804,13,6,3.0393803767801266,2,5,6.913248808342617,False
STU043,GRP011,8,50.0,15,1,6.287901630837941,5,3,6.427186169867399,False
STU044,GRP011,1,50.0,4,4,16.001109556411446,2,0,9.664386229605858,False
STU044,GRP011,2,50.0,7,3,12.226268021618923,5,2,6.494816958384189,False
STU044,GRP011,3,50.0,2,7,8.294757848008528,4,3,9.019466066737397,False
STU044,GRP011,4,50.0,4,6,11.994011863412341,1,2,9.280998178078894,False
STU044,GRP011,5,50.0,12,4,11.261464007827513,5,0,7.047888033423713,False
STU044,GRP011,6,50.0,6,5,3.575280154040712,4,2,5.892427721951087,False
STU044,GRP011,7,50.0,6,4,2.60335152501799,1,5,6.835345956346959,False
STU044,GRP011,8,50.0,12,7,9.331056771110998,2,2,6.505406625942143,False
STU045,GRP012,1,50.0,12,1,13.369117626224241,4,4,9.769225873282542,False
STU045,GRP012,2,50.0,15,8,12.241510303123842,1,2,6.175174678770047,False
STU045,GRP012,3,50.0,2,8,9.844704148106622,3,2,7.981976483583955,False
STU045,GRP012,4,50.0,7,2,14.703783772193821,1,2,8.087611882476583,False
STU045,GRP012,5,50.0,13,3,14.781016595758716,4,2,6.517540839670252,False
STU045,GRP012,6,50.0,2,2,-0.5278837784426642,4,3,7.133280967834759,False
STU045,GRP012,7,50.0,5,2,10.159377331019048,5,4,7.895647890190447,False
STU045,GRP012,8,50.0,4,7,7.889734764112866,1,3,8.90281500772091,False
STU046,GRP012,1,50.0,14,5,12.777266675788496,2,3,7.3455035454952,True
STU046,GRP012,2,50.0,6,6,7.290565337613159,4,1,7.100812229109222,True
STU046,GRP012,3,50.0,6,2,13.350051094901048,4,5,7.345218452410867,True
STU046,GRP012,4,50.0,4,3,12.311410251172044,3,5,7.908072403424113,True
STU046,GRP012,5,50.0,7,4,18.265848492274223,1,1,6.6319741413754,True
STU046,GRP012,6,50.0,4,7,14.994572004822073,4,5,7.32935221313661,True
STU046,GRP012,7,50.0,2,3,6.461125887878017,6,1,8.961835421392417,True
STU046,GRP012,8,50.0,12,5,12.146830101740129,1,3,6.821524494619128,True
STU047,GRP012,1,50.0,9,8,13.008038593450054,6,5,7.172837082375072,False
STU047,GRP012,2,50.0,4,6,10.655584485314881,4,4,6.964590881657115,False
STU047,GRP012,3,50.0,13,7,18.18529430022761,2,0,5.90646393171645,False
STU047,GRP012,4,50.0,3,1,9.118301421182274,2,1,6.8184411522763515,False
STU047,GRP012,5,50.0,7,1,10.430949406890514,6,1,7.1351640181907685,False
STU047,GRP012,6,50.0,2,6,20.207285974161266,4,4,5.972698153598906,False
STU047,GRP012,7,50.0,13,1,20.081737328995985,4,3,7.862188356780555,False
STU047,GRP012,8,50.0,6,5,15.8688441716813,4,0,5.8867428492587575,False
STU048,GRP012,1,50.0,5,3,19.795804970943458,6,4,6.751171877567194,False
STU048,GRP012,2,50.0,6,2,0.9307025219656246,3,5,7.024708212681615,False
STU048,GRP012,3,50.0,15,7,6.726815255576359,2,3,5.943272248262021,False
STU048,GRP012,4,50.0,14,2,22.362623865234525,6,5,8.658920009086518,False
STU048,GRP012,5,50.0,4,4,9.18418812095355,5,5,6.301279524989467,False
STU048,GRP012,6,50.0,5,2,17.29626688224519,2,3,6.8823627144642545,False
STU048,GRP012,7,50.0,5,3,15.33997269762121,4,0,8.411470848110234,False
STU048,GRP012,8,50.0,3,1,7.159878120544112,4,3,6.938869265123916,False
STU049,GRP013,1,50.0,10,5,8.501285559447341,6,5,5.215252248151086,False
STU049,GRP013,2,50.0,5,4,10.344994470835305,3,3,6.188874802235407,False
STU049,GRP013,3,50.0,9,1,19.584170410694014,5,3,8.948612493123107,False
STU049,GRP013,4,50.0,12,1,10.501517545820047,3,0,3.505835266339281,False
STU049,GRP013,5,50.0,6,6,22.595996263556323,3,2,8.083213771239098,False
STU049,GRP013,6,50.0,13,7,20.91331457324057,2,2,9.577887042349168,False
STU049,GRP013,7,50.0,2,3,2.0090626836439913,1,0,8.586257190591763,False
STU049,GRP013,8,50.0,2,6,3.546745035216434,2,2,6.09617330465384,False
STU050,GRP013,1,50.0,9,5,10.507039805431205,5,0,5.755208562038389,False
STU050,GRP013,2,50.0,8,3,13.723923098017499,3,3,7.7345881683466615,False
STU050,GRP013,3,50.0,7,6,9.884478465577518,3,0,5.960115334689404,False
STU050,GRP013,4,50.0,3,1,15.975830088091278,6,4,10.0,False
STU050,GRP013,5,50.0,14,3,14.239580390604416,3,2,9.13676631937325,False
STU050,GRP013,6,50.0,13,6,13.765918478496495,6,4,5.284879744394626,False
STU050,GRP013,7,50.0,10,6,12.698997270580081,2,5,6.199139134767846,False
STU050,GRP013,8,50.0,6,4,12.9057191592481,5,3,7.214458149203144,False
STU051,GRP013,1,50.0,3,2,16.181137225825633,2,5,5.820276223427021,False
STU051,GRP013,2,50.0,13,2,16.184185620525895,1,4,7.177668896668978,False
STU051,GRP013,3,50.0,12,4,10.84594740238864,2,5,8.056583752268958,False
STU051,GRP013,4,50.0,9,2,13.657593860232307,1,4,8.578057671429042,False
STU051,GRP013,5,50.0,11,6,12.14769829767002,3,5,7.5123804206345195,False
STU051,GRP013,6,50.0,9,4,18.039116412084006,5,5,5.875591622504671,False
STU051,GRP013,7,50.0,4,1,6.6466873489990554,2,1,7.714387945471197,False
STU051,GRP013,8,50.0,8,5,15.591446516553539,5,2,7.499990872658312,False
STU052,GRP013,1,50.0,7,8,13.035726648687842,6,5,6.730910853342176,False
STU052,GRP013,2,50.0,3,7,16.546554519656503,1,3,9.976781101014572,False
STU052,GRP013,3,50.0,8,1,5.8393711736167635,2,4,6.028519837492514,False
STU052,GRP013,4,50.0,6,3,22.096406500722296,3,0,5.507965287184131,False
STU052,GRP013,5,50.0,11,1,12.181250391604111,6,1,8.107704750940155,False
STU052,GRP013,6,50.0,13,7,11.833420967409468,4,5,6.61712449625836,False
STU052,GRP013,7,50.0,10,2,17.639419457167048,2,3,4.806202086487432,False
STU052,GRP013,8,50.0,14,7,8.6374569680392,5,3,7.887711148836723,False
STU053,GRP014,1,50.0,8,5,15.009260246799453,2,1,8.304236187666202,False
STU053,GRP014,2,50.0,2,3,7.944149699875777,5,1,8.46956647745821,False
STU053,GRP014,3,50.0,11,1,15.17928471244319,5,3,5.965231676603583,False
STU053,GRP014,4,50.0,10,5,8.622586756577933,3,1,7.149841132234575,False
STU053,GRP014,5,50.0,6,5,12.269190280150141,5,0,6.06056018764301,False
STU053,GRP014,6,50.0,4,4,8.27631295604412,1,4,6.027210933161593,False
STU053,GRP014,7,50.0,5,5,17.218508171999204,1,5,8.80783436357472,False
STU053,GRP014,8,50.0,4,5,7.476475696466021,2,2,8.300258227993444,False
STU054,GRP014,1,50.0,15,1,8.776219216078056,6,1,6.937062760421057,False
STU054,GRP014,2,50.0,15,4,7.780074923260559,5,0,5.812408854986478,False
STU054,GRP014,3,50.0,2,6,11.449221979045626,6,4,5.859789445516246,False
STU054,GRP014,4,50.0,7,6,9.976422690824243,1,5,6.479785814555759,False
STU054,GRP014,5,50.0,10,5,15.844822408590911,6,1,6.137748751865152,False
STU054,GRP014,6,50.0,8,5,9.399885254616443,3,0,6.293569960636871,False
STU054,GRP014,7,50.0,12,1,6.1562449619935835,3,1,6.198469995448594,False
STU054,GRP014,8,50.0,13,5,11.144451536766027,2,2,5.210526602331445,False
STU055,GRP014,1,50.0,2,2,9.359510824601083,6,5,7.824130586857198,False
STU055,GRP014,2,50.0,13,7,13.652707934253646,6,2,4.406732803180875,False
STU055,GRP014,3,50.0,15,4,10.382817084103612,4,1,6.115285988329647,False
STU055,GRP014,4,50.0,7,5,14.837874562410786,2,4,8.366692733776057,False
STU055,GRP014,5,50.0,12,7,10.150210634134243,2,3,6.716823881359664,False
STU055,GRP014,6,50.0,5,7,14.430123093542798,3,1,7.652384953936728,False
STU055,GRP014,7,50.0,9,2,8.14918421110049,4,1,3.7840186168426375,False
STU055,GRP014,8,50.0,9,3,9.441160689036403,2,1,9.572133782252378,False
STU056,GRP014,1,50.0,13,3,5.684484597092031,6,2,7.344664414210335,False
STU056,GRP014,2,50.0,4,3,16.12214088117706,4,5,8.631149709203813,False
STU056,GRP014,3,50.0,3,3,15.31908279693252,1,3,7.530737965996372,False
STU056,GRP014,4,50.0,12,7,14.234801484422405,1,5,6.817000386028097,False
STU056,GRP014,5,50.0,13,1,12.275402309227834,5,0,5.416965936678641,False
STU056,GRP014,6,50.0,2,2,24.465061473833934,1,5,7.867332128719328,False
STU056,GRP014,7,50.0,4,4,11.591695364070976,1,2,6.703128472063077,False
STU056,GRP014,8,50.0,12,1,15.384602053421464,1,0,6.581886459650087,False
STU057,GRP015,1,50.0,10,6,18.72778407341813,6,0,6.298708270374114,False
STU057,GRP015,2,50.0,5,3,13.050174119664247,4,4,8.962057204743349,False
STU057,GRP015,3,50.0,9,3,14.690026292593634,3,2,7.624005256960972,False
STU057,GRP015,4,50.0,9,3,6.025340573298699,2,0,8.750662466358964,False
STU057,GRP015,5,50.0,10,5,4.558864506460899,6,4,5.9574022145323475,False
STU057,GRP015,6,50.0,3,1,4.467705494797931,1,0,6.41403065594621,False
STU057,GRP015,7,50.0,10,5,11.57367042534821,1,4,6.270113022322553,False
STU057,GRP015,8,50.0,15,7,14.706199110851356,2,0,6.7864165504583855,False
STU058,GRP015,1,50.0,5,1,19.60135542633731,2,3,7.22448272557192,False
STU058,GRP015,2,50.0,8,3,6.849416838155258,3,5,6.729582239544391,False
STU058,GRP015,3,50.0,6,4,13.003814114507994,6,3,6.774767282293881,False
STU058,GRP015,4,50.0,12,2,5.858241042435663,4,1,7.198738150116067,False
STU058,GRP015,5,50.0,3,4,6.642584350145069,1,2,6.847614624154024,False
STU058,GRP015,6,50.0,7,2,11.760056262385731,5,2,9.051715901997488,False
STU058,GRP015,7,50.0,3,6,16.078045339865454,1,0,6.528116309004585,False
STU058,GRP015,8,50.0,11,3,16.332279799248543,2,3,8.719585932051494,False
STU059,GRP015,1,50.0,10,6,17.115167186178645,5,1,7.661507106801652,False
STU059,GRP015,2,50.0,12,7,21.522054133492126,2,5,6.719344476023958,False
STU059,GRP015,3,50.0,12,5,15.254064175917524,5,2,6.757664717496377,False
STU059,GRP015,4,50.0,7,2,15.257182690877727,3,3,7.870985377646557,False
STU059,GRP015,5,50.0,12,6,17.47001019753139,3,5,7.079018197079102,False
STU059,GRP015,6,50.0,14,2,3.770154837625091,1,1,6.7813098109857535,False
STU059,GRP015,7,50.0,14,3,20.103320864905932,3,1,6.684430103181155,False
STU059,GRP015,8,50.0,8,8,24.21428504143704,6,3,7.173718589341169,False
STU060,GRP015,1,50.0,15,2,21.828636779842284,1,4,6.612941547728054,False
STU060,GRP015,2,50.0,8,5,17.585327719850767,2,0,7.150670226968294,False
STU060,GRP015,3,50.0,7,3,14.793002269388154,2,3,8.089867028910074,False
STU060,GRP015,4,50.0,7,6,15.276898280748844,4,3,8.032102081291384,False
STU060,GRP015,5,50.0,9,7,11.59296982641405,5,5,8.13738493169496,False
STU060,GRP015,6,50.0,7,3,20.040414250720104,6,1,7.613698306026255,False
STU060,GRP015,7,50.0,8,7,16.18764031733269,5,3,7.330298425082037,False
STU060,GRP015,8,50.0,10,8,13.293416618093644,5,4,6.524699240704877,False
STU061,GRP016,1,50.0,15,4,15.466682998156816,4,0,7.31422864869487,False
STU061,GRP016,2,50.0,11,7,5.580704905020771,5,4,6.283873028358862,False
STU061,GRP016,3,50.0,14,4,12.837350126286115,6,0,7.516016228573626,False
STU061,GRP016,4,50.0,5,6,20.930034748852222,1,1,9.893968230146282,False
STU061,GRP016,5,50.0,15,1,19.877270655211472,3,4,5.263891472405842,False
STU061,GRP016,6,50.0,9,3,6.702322247747556,1,0,6.663970920493877,False
STU061,GRP016,7,50.0,7,6,12.63588583836232,2,2,6.254401931773625,False
STU061,GRP016,8,50.0,9,3,16.549230305597135,5,3,6.821884718722977,False
STU062,GRP016,1,50.0,5,4,15.357653484503711,2,0,8.665415164415169,False
STU062,GRP016,2,50.0,13,3,21.316494001497844,1,5,6.691220199292879,False
STU062,GRP016,3,47.3154765210271,13,3,12.503566781073024,4,5,3.859464259082547,False
STU062,GRP016,4,50.0,2,7,14.142815575937577,3,0,6.7288221455871255,False
STU062,GRP016,5,50.0,13,2,7.824585817862265,6,4,8.302806291020365,False
STU062,GRP016,6,50.0,3,8,7.826955437048843,5,1,8.435380265831352,False
STU062,GRP016,7,50.0,2,3,14.962186695770834,3,1,7.347796050244854,False
STU062,GRP016,8,50.0,3,4,9.080698983267817,1,0,4.809385469218348,False
STU063,GRP016,1,50.0,11,7,18.479709537176536,2,1,8.058095680912015,False
STU063,GRP016,2,50.0,9,3,9.423430589631462,6,4,9.229420181548798,False
STU063,GRP016,3,50.0,13,5,9.254618332166805,4,3,5.882601687067648,False
STU063,GRP016,4,50.0,13,6,8.553238170487113,4,5,5.273887937469516,False
STU063,GRP016,5,50.0,13,1,9.433730926749643,3,0,6.593309745189,False
STU063,GRP016,6,50.0,4,1,8.865025871414716,6,0,6.077479805727168,False
STU063,GRP016,7,50.0,11,3,16.257816127010855,5,1,7.940061668985088,False
STU063,GRP016,8,50.0,2,7,13.83848127179331,4,5,8.023732317339688,False
STU064,GRP016,1,50.0,9,5,20.81521129798059,5,4,7.647668415685969,False
STU064,GRP016,2,50.0,6,4,8.258167317884546,4,1,6.299988480545815,False
STU064,GRP016,3,50.0,6,2,6.962692956861547,5,3,8.44170043814443,False
STU064,GRP016,4,50.0,4,4,13.980667949428025,4,4,6.294216249615317,False
STU064,GRP016,5,50.0,2,4,13.808126317903854,4,1,7.2953412476519,False
STU064,GRP016,6,50.0,15,2,16.85408775931732,6,3,7.892212804401516,False
STU064,GRP016,7,50.0,9,6,14.374538431503879,6,5,5.46326542556667,False
STU064,GRP016,8,50.0,8,7,14.047080925710251,2,0,6.322836465027248,False
STU065,GRP017,1,49.70762054413679,12,7,9.849936145457093,2,2,6.466624564146755,False
STU065,GRP017,2,50.0,3,6,18.20006643200393,5,2,8.164760407133732,False
STU065,GRP017,3,50.0,6,3,7.988808986426167,5,0,6.686119332128158,False
STU065,GRP017,4,50.0,11,1,22.51473542038143,3,1,6.471609178388571,False
STU065,GRP017,5,50.0,12,1,17.718884782008775,2,2,5.017477201968479,False
STU065,GRP017,6,50.0,11,1,13.719930939988235,5,3,7.2303064060433355,False
STU065,GRP017,7,50.0,7,2,8.959069193202087,3,0,6.661507531748382,False
STU065,GRP017,8,48.32283845484716,14,5,18.360394813790272,4,4,7.689474061044058,False
STU066,GRP017,1,50.0,14,7,10.428946095362337,6,2,5.866296577589332,True
STU066,GRP017,2,46.741434443459774,13,2,7.321553256922252,3,3,7.197948250490829,False
STU066,GRP017,3,50.0,10,2,11.659301769754164,5,1,7.179994107889287,True
STU066,GRP017,4,50.0,14,7,9.16108802855855,4,4,4.364264486028281,True
STU066,GRP017,5,49.3543442968769,2,5,17.277758180759193,2,1,7.5356490937102425,True
STU066,GRP017,6,50.0,3,2,14.972487658901606,6,1,7.169774743521608,True
STU066,GRP017,7,46.371036861708355,14,3,20.705075930396042,6,1,5.863839886982402,False
STU066,GRP017,8,50.0,10,6,12.6589195243532,4,1,4.797315427754951,True
STU067,GRP017,1,50.0,7,5,10.674724835975146,3,4,5.230265750513926,False
STU067,GRP017,2,50.0,15,7,14.959072005439813,1,5,7.928079779281133,False
STU067,GRP017,3,50.0,14,7,16.283212325534688,2,1,5.9693868660412495,False
STU067,GRP017,4,50.0,11,2,14.260193064790602,2,4,7.370989263420957,False
STU067,GRP017,5,50.0,12,8,20.135661920775654,1,0,5.831127811698134,False
STU067,GRP017,6,50.0,4,5,11.947994180492058,5,0,6.147969895821879,False
STU067,GRP017,7,50.0,9,2,1.4586099005995372,4,2,6.216882508802214,False
STU067,GRP017,8,50.0,4,5,15.880518191485749,2,0,8.407473134357774,False
STU068,GRP017,1,50.0,6,6,16.090310219186012,3,0,7.646849796103311,False
STU068,GRP017,2,50.0,3,3,9.55819217846611,6,3,7.015377165479794,False
STU068,GRP017,3,50.0,6,8,11.088439790375352,3,3,5.867553482283909,False
STU068,GRP017,4,50.0,12,3,14.511311723321887,1,4,8.139108762223492,False
STU068,GRP017,5,50.0,9,1,17.193055393127466,3,2,7.604912598332731,False
STU068,GRP017,6,50.0,8,7,18.43525575333191,5,5,8.468295591711128,False
STU068,GRP017,7,50.0,4,8,15.274835824993065,3,4,8.612255807946461,False
STU068,GRP017,8,50.0,15,6,12.580183315067393,3,0,8.079518485575289,False
STU069,GRP018,1,50.0,12,7,4.9569527281014505,5,3,7.295420733155161,False
STU069,GRP018,2,50.0,6,1,6.1806421963314175,5,5,7.391657209414673,False
STU069,GRP018,3,50.0,2,4,13.556903273229823,6,4,8.41947392665351,False
STU069,GRP018,4,50.0,2,3,12.442051078405894,1,2,7.67926895059848,False
STU069,GRP018,5,50.0,8,3,13.202544521428027,5,3,8.979029588001353,False
STU069,GRP018,6,50.0,15,2,5.795139820093601,2,3,4.981519259562658,False
STU069,GRP018,7,50.0,15,8,10.872432935025317,6,0,8.585453351293092,False
STU069,GRP018,8,50.0,7,8,11.23179773053749,4,5,5.621700021713513,False
STU070,GRP018,1,50.0,10,8,14.704098994528579,1,0,6.222241079334667,False
STU070,GRP018,2,50.0,4,2,5.717274738567305,4,3,7.245183860785984,False
STU070,GRP018,3,50.0,5,7,13.412939021071681,3,0,6.745049529958877,False
STU070,GRP018,4,50.0,7,6,6.71033150134347,5,3,6.922722951250351,False
STU070,GRP018,5,50.0,5,8,10.995929348125788,1,2,5.819860283826435,False
STU070,GRP018,6,50.0,9,1,10.119911262005285,5,1,5.866222611709936,False
STU070,GRP018,7,50.0,9,3,9.198093147322304,6,1,8.466882593980603,False
STU070,GRP018,8,50.0,7,1,3.5150417636029943,5,3,7.1945028311761305,False
STU071,GRP018,1,50.0,2,6,14.748563037482542,4,3,8.596412208987662,False
STU071,GRP018,2,50.0,5,1,15.03401297276237,2,0,4.440178686846227,False
STU071,GRP018,3,50.0,14,7,7.832644207874793,3,2,6.693752638672451,False
STU071,GRP018,4,50.0,12,3,13.127043397379222,1,1,8.197701007124387,False
STU071,GRP018,5,50.0,3,5,19.883718353941454,4,0,6.253447023572333,False
STU071,GRP018,6,50.0,6,8,15.570181319786041,4,4,9.194769707505223,False
STU071,GRP018,7,50.0,5,5,8.456029407917843,2,0,4.762876195292233,False
STU071,GRP018,8,50.0,3,7,18.1751842855087,3,2,6.110493558988621,False
STU072,GRP018,1,50.0,7,7,6.541404331913284,4,3,6.749792282855499,True
STU072,GRP018,2,50.0,14,3,12.243025364037383,6,3,7.753242873462305,True
STU072,GRP018,3,50.0,13,7,9.582197260519631,1,4,9.453926557637232,True
STU072,GRP018,4,50.0,11,4,2.5811889527347773,1,5,6.375749183855103,True
STU072,GRP018,5,50.0,11,3,17.643493579449498,3,5,5.893938596221702,True
STU072,GRP018,6,50.0,13,6,12.344198175992611,1,1,8.495595773289933,True
STU072,GRP018,7,43.22495751300049,4,8,-1.1845760980043654,3,0,5.309882211557968,False
STU072,GRP018,8,32.74833261902147,12,7,18.747529791019907,3,4,7.257439502663699,False
STU073,GRP019,1,44.37677990775984,9,3,13.357315126840565,6,3,7.227200843416199,False
STU073,GRP019,2,50.0,11,2,11.050394234874924,1,1,5.944192832678816,True
STU073,GRP019,3,50.0,5,7,16.51166388942233,6,4,7.1208829697456135,True
STU073,GRP019,4,50.0,11,7,10.31088938569174,2,2,5.920170434037678,True
STU073,GRP019,5,50.0,5,1,14.977582620724478,3,2,6.000390092992673,True
STU073,GRP019,6,50.0,6,2,10.472063216261606,6,3,6.041378147179245,True
STU073,GRP019,7,50.0,9,7,9.03528384926466,4,2,7.691873344610793,True
STU073,GRP019,8,50.0,10,7,8.763890838897577,5,2,7.715210407583344,True
STU074,GRP019,1,50.0,3,3,18.516063911461426,4,3,6.340534724968497,False
STU074,GRP019,2,50.0,7,3,7.146228118307487,5,4,8.159311426427585,False
STU074,GRP019,3,50.0,4,7,13.887105556186716,4,2,6.072431879000055,False
STU074,GRP019,4,50.0,15,7,10.717615156852279,6,2,7.434429461186159,False
STU074,GRP019,5,50.0,13,2,4.907890069953554,1,0,8.982297204240854,False
STU074,GRP019,6,50.0,3,1,16.871200846166207,5,3,6.986067862653948,False
STU074,GRP019,7,50.0,3,8,20.44781666431289,6,4,8.66252533798766,False
STU074,GRP019,8,50.0,10,2,11.436551328474406,6,3,6.6547565342450605,False
STU075,GRP019,1,50.0,10,1,16.881062896608316,6,2,8.188359456519429,False
STU075,GRP019,2,50.0,15,7,10.794001336533523,2,1,9.764907740259028,False
STU075,GRP019,3,50.0,14,8,14.297429698869289,5,3,7.498455547007188,False
STU075,GRP019,4,50.0,3,4,12.310535841026553,4,0,8.537794479104095,False
STU075,GRP019,5,50.0,7,8,14.65044578085876,4,5,6.035410422108706,False
STU075,GRP019,6,50.0,13,7,15.212521148322578,1,2,8.510513487712082,False
STU075,GRP019,7,50.0,14,4,14.865226364190006,5,2,7.121592612232562,False
STU075,GRP019,8,50.0,6,5,13.055441756524166,3,3,5.7460899584532985,False
STU076,GRP019,1,50.0,2,7,12.65474044133915,1,0,5.193913750895436,False
STU076,GRP019,2,50.0,14,6,15.284739411702516,5,5,6.024372577397413,False
STU076,GRP019,3,50.0,7,3,9.027507948759744,5,3,7.521871555212806,False
STU076,GRP019,4,50.0,8,4,21.483767327132455,5,5,7.527382993594918,False
STU076,GRP019,5,50.0,2,7,0.82023190599282,2,5,6.021626662254271,False
STU076,GRP019,6,50.0,13,3,16.878281816141183,4,2,5.960791949220849,False
STU076,GRP019,7,50.0,8,4,18.558198128245834,1,5,5.760828762253531,False
STU076,GRP019,8,50.0,10,2,10.049163423117198,6,4,8.267236445878856,False
STU077,GRP020,1,50.0,14,7,15.034056988315246,6,2,7.654310179631343,False
STU077,GRP020,2,50.0,15,3,10.408755423600844,3,1,6.580361505569499,False
STU077,GRP020,3,50.0,3,2,11.764141760757818,1,3,7.0230441051586565,False
STU077,GRP020,4,50.0,2,3,13.40556144444715,1,4,8.202244496249307,False
STU077,GRP020,5,50.0,13,2,10.707769053466626,5,3,6.7600840922579,False
STU077,GRP020,6,50.0,2,3,12.705897584744674,4,5,7.6164102589519675,False
STU077,GRP020,7,50.0,12,6,9.364817454250778,2,1,6.1245124801355315,False
STU077,GRP020,8,50.0,12,4,15.918091559681663,3,1,6.118057747797547,False
STU078,GRP020,1,50.0,10,4,17.303700059120175,6,3,4.76618396720896,False
STU078,GRP020,2,50.0,14,5,14.118775336157467,6,0,5.211408561115728,False
STU078,GRP020,3,50.0,6,2,14.909508160201693,2,5,8.628074188854546,False
STU078,GRP020,4,50.0,2,2,20.28839635911121,1,3,8.32146349687325,False
STU078,GRP020,5,50.0,11,2,9.178660675207091,1,1,7.604985461140333,False
STU078,GRP020,6,50.0,6,5,11.890771943444824,2,0,7.318308428296483,False
STU078,GRP020,7,50.0,3,8,16.529488885005343,3,1,6.963288322923093,False
STU078,GRP020,8,50.0,8,2,14.86598291612613,4,0,7.240989147609368,False
STU079,GRP020,1,50.0,8,2,14.150749746959693,4,5,8.54048732044169,False
STU079,GRP020,2,50.0,3,4,3.9993956558586916,6,3,7.88281691651168,False
STU079,GRP020,3,50.0,8,6,13.07116322251178,6,3,6.799792398767295,False
STU079,GRP020,4,50.0,14,3,12.421111555501646,2,2,6.298607880646721,False
STU079,GRP020,5,50.0,2,3,11.366533650506403,6,4,8.106608147808503,False
STU079,GRP020,6,50.0,12,1,20.189274756632408,1,2,8.02593358126738,False
STU079,GRP020,7,50.0,7,8,16.82679354525035,5,4,7.107232886315487,False
STU079,GRP020,8,50.0,10,1,10.70079769609806,2,4,8.075021056123367,False
STU080,GRP020,1,50.0,13,5,10.119004198005065,1,1,7.199222617449487,False
STU080,GRP020,2,50.0,11,1,14.266968987294783,5,0,7.719572368870042,False
STU080,GRP020,3,50.0,10,3,6.922899982348969,2,2,8.561355822614287,False
STU080,GRP020,4,50.0,3,4,3.5190112233272437,1,2,7.685539663797155,False
STU080,GRP020,5,50.0,4,4,15.441183972575294,1,5,7.866305502890047,False
STU080,GRP020,6,50.0,13,3,8.137027367969235,3,2,6.341923854626581,False
STU080,GRP020,7,50.0,9,4,11.278924799121654,1,2,5.24235198205892,False
STU080,GRP020,8,50.0,13,5,16.46452685918601,4,5,8.548510389540235,False
